"../../../Engine/Plugins/Animation/ACLPlugin/Content/ACLAnimCurveCompressionSettings.uasset" 0
"../../../Engine/Plugins/Animation/ACLPlugin/Content/ACLAnimCurveCompressionSettings.uexp" 1
"../../../Engine/Plugins/2D/Paper2D/Content/PlaceholderTextures/DummySpriteTexture.ubulk" 2
"../../../Engine/Plugins/2D/Paper2D/Content/PlaceholderTextures/DummySpriteTexture.uasset" 3
"../../../Engine/Plugins/2D/Paper2D/Content/PlaceholderTextures/DummySpriteTexture.uexp" 4
"../../../Engine/Plugins/2D/Paper2D/Content/DummySprite.uasset" 5
"../../../Engine/Plugins/2D/Paper2D/Content/DummySprite.uexp" 6
"../../../Engine/Plugins/2D/Paper2D/Content/DefaultPaperTerrainMaterial.uasset" 7
"../../../Engine/Plugins/2D/Paper2D/Content/DefaultPaperTerrainMaterial.uexp" 8
"../../../Engine/Plugins/Interchange/Runtime/Content/Pipelines/DefaultTexturePipeline.uasset" 9
"../../../Engine/Plugins/Interchange/Runtime/Content/Pipelines/DefaultTexturePipeline.uexp" 10
"../../../Engine/Plugins/Interchange/Runtime/Content/Pipelines/DefaultSceneLevelPipeline.uasset" 11
"../../../Engine/Plugins/Interchange/Runtime/Content/Pipelines/DefaultSceneLevelPipeline.uexp" 12
"../../../Engine/Plugins/Interchange/Runtime/Content/Pipelines/DefaultSceneAssetsPipeline.uasset" 13
"../../../Engine/Plugins/Interchange/Runtime/Content/Pipelines/DefaultSceneAssetsPipeline.uexp" 14
"../../../Engine/Plugins/Interchange/Runtime/Content/Pipelines/DefaultMaterialXPipeline.uasset" 15
"../../../Engine/Plugins/Interchange/Runtime/Content/Pipelines/DefaultMaterialXPipeline.uexp" 16
"../../../Engine/Plugins/Interchange/Runtime/Content/Pipelines/DefaultMaterialPipeline.uasset" 17
"../../../Engine/Plugins/Interchange/Runtime/Content/Pipelines/DefaultMaterialPipeline.uexp" 18
"../../../Engine/Plugins/Interchange/Runtime/Content/Pipelines/DefaultGLTFSceneAssetsPipeline.uasset" 19
"../../../Engine/Plugins/Interchange/Runtime/Content/Pipelines/DefaultGLTFSceneAssetsPipeline.uexp" 20
"../../../Engine/Plugins/Interchange/Runtime/Content/Pipelines/DefaultGLTFPipeline.uasset" 21
"../../../Engine/Plugins/Interchange/Runtime/Content/Pipelines/DefaultGLTFPipeline.uexp" 22
"../../../Engine/Plugins/Interchange/Runtime/Content/Pipelines/DefaultGLTFAssetsPipeline.uasset" 23
"../../../Engine/Plugins/Interchange/Runtime/Content/Pipelines/DefaultGLTFAssetsPipeline.uexp" 24
"../../../Engine/Plugins/Interchange/Runtime/Content/Pipelines/DefaultAssetsPipeline.uasset" 25
"../../../Engine/Plugins/Interchange/Runtime/Content/Pipelines/DefaultAssetsPipeline.uexp" 26
"../../../Engine/Plugins/Animation/ControlRig/Content/Controls/DefaultGizmoLibraryNormalized.uasset" 27
"../../../Engine/Plugins/Animation/ControlRig/Content/Controls/DefaultGizmoLibraryNormalized.uexp" 28
"../../../Engine/Content/EngineSounds/Master.uasset" 29
"../../../Engine/Content/EngineSounds/Master.uexp" 30
"../../../Engine/Content/EngineMaterials/DefaultPhysicalMaterial.uasset" 31
"../../../Engine/Content/EngineMaterials/DefaultPhysicalMaterial.uexp" 32
"../../../Engine/Content/EngineMaterials/DefaultDestructiblePhysicalMaterial.uasset" 33
"../../../Engine/Content/EngineMaterials/DefaultDestructiblePhysicalMaterial.uexp" 34
"../../../Engine/Content/EngineFonts/Faces/RobotoLight.uexp" 35
"../../../Engine/Content/EngineFonts/Faces/RobotoLight.uasset" 36
"../../../Engine/Content/EngineFonts/Faces/RobotoLight.ufont" 37
"../../../Engine/Content/EngineFonts/Faces/RobotoBold.uexp" 38
"../../../Engine/Content/EngineFonts/Faces/RobotoBold.uasset" 39
"../../../Engine/Content/EngineFonts/Faces/RobotoBold.ufont" 40
"../../../Engine/Content/EngineFonts/Faces/RobotoRegular.uexp" 41
"../../../Engine/Content/EngineFonts/Faces/RobotoRegular.uasset" 42
"../../../Engine/Content/EngineFonts/Faces/RobotoRegular.ufont" 43
"../../../Engine/Content/EngineFonts/Faces/DroidSansFallback.uexp" 44
"../../../Engine/Content/EngineFonts/Faces/DroidSansFallback.uasset" 45
"../../../Engine/Content/EngineFonts/Faces/DroidSansFallback.ufont" 46
"../../../Engine/Content/EngineFonts/Faces/RobotoItalic.uexp" 47
"../../../Engine/Content/EngineFonts/Faces/RobotoItalic.uasset" 48
"../../../Engine/Content/EngineFonts/Faces/RobotoItalic.ufont" 49
"../../../Engine/Content/EngineFonts/Faces/RobotoBoldItalic.uexp" 50
"../../../Engine/Content/EngineFonts/Faces/RobotoBoldItalic.uasset" 51
"../../../Engine/Content/EngineFonts/Faces/RobotoBoldItalic.ufont" 52
"../../../Engine/Content/EngineFonts/Roboto.uasset" 53
"../../../Engine/Content/EngineFonts/Roboto.uexp" 54
"../../../Engine/Content/MobileResources/HUD/VirtualJoystick_Background.uasset" 55
"../../../Engine/Content/MobileResources/HUD/VirtualJoystick_Background.uexp" 56
"../../../Engine/Content/MobileResources/HUD/VirtualJoystick_Thumb.uasset" 57
"../../../Engine/Content/MobileResources/HUD/VirtualJoystick_Thumb.uexp" 58
"D:/Unreal/Burgir-King/Content/FirstPerson/Input/MobileControls.uasset" 59
"D:/Unreal/Burgir-King/Content/FirstPerson/Input/MobileControls.uexp" 60
"../../../Engine/Content/EditorResources/S_Actor.ubulk" 61
"../../../Engine/Content/EditorResources/S_Actor.uasset" 62
"../../../Engine/Content/EditorResources/S_Actor.uexp" 63
"../../../Engine/Content/EditorResources/S_BoxReflectionCapture.uasset" 64
"../../../Engine/Content/EditorResources/S_BoxReflectionCapture.uexp" 65
"../../../Engine/Content/EngineResources/DefaultTexture.ubulk" 66
"../../../Engine/Content/EngineResources/DefaultTexture.uasset" 67
"../../../Engine/Content/EngineResources/DefaultTexture.uexp" 68
"D:/Unreal/Burgir-King/Content/Blueprint/Systems/BP_Status.uasset" 69
"D:/Unreal/Burgir-King/Content/Blueprint/Systems/BP_Status.uexp" 70
"D:/Unreal/Burgir-King/Content/FirstPerson/Input/Actions/IA_Look.uasset" 71
"D:/Unreal/Burgir-King/Content/FirstPerson/Input/Actions/IA_Look.uexp" 72
"D:/Unreal/Burgir-King/Content/FirstPerson/Input/Actions/IA_HoldInteract.uasset" 73
"D:/Unreal/Burgir-King/Content/FirstPerson/Input/Actions/IA_HoldInteract.uexp" 74
"D:/Unreal/Burgir-King/Content/FirstPerson/Input/Actions/IA_Move.uasset" 75
"D:/Unreal/Burgir-King/Content/FirstPerson/Input/Actions/IA_Move.uexp" 76
"D:/Unreal/Burgir-King/Content/FirstPerson/Input/Actions/IA_Jump.uasset" 77
"D:/Unreal/Burgir-King/Content/FirstPerson/Input/Actions/IA_Jump.uexp" 78
"D:/Unreal/Burgir-King/Content/FirstPerson/Input/IMC_Default.uasset" 79
"D:/Unreal/Burgir-King/Content/FirstPerson/Input/IMC_Default.uexp" 80
"D:/Unreal/Burgir-King/Content/FirstPerson/Blueprints/BP_FirstPersonPlayerController.uasset" 81
"D:/Unreal/Burgir-King/Content/FirstPerson/Blueprints/BP_FirstPersonPlayerController.uexp" 82
"D:/Unreal/Burgir-King/Content/Blueprint/Player/BPI_Hold.uasset" 83
"D:/Unreal/Burgir-King/Content/Blueprint/Player/BPI_Hold.uexp" 84
"D:/Unreal/Burgir-King/Content/Blueprint/Systems/BPI_Gravity.uasset" 85
"D:/Unreal/Burgir-King/Content/Blueprint/Systems/BPI_Gravity.uexp" 86
"D:/Unreal/Burgir-King/Content/FirstPerson/Input/Actions/IA_Shoot.uasset" 87
"D:/Unreal/Burgir-King/Content/FirstPerson/Input/Actions/IA_Shoot.uexp" 88
"D:/Unreal/Burgir-King/Content/FirstPerson/Input/IMC_Weapons.uasset" 89
"D:/Unreal/Burgir-King/Content/FirstPerson/Input/IMC_Weapons.uexp" 90
"D:/Unreal/Burgir-King/Content/FPWeapon/Mesh/SK_FPGun_Skeleton.uasset" 91
"D:/Unreal/Burgir-King/Content/FPWeapon/Mesh/SK_FPGun_Skeleton.uexp" 92
"D:/Unreal/Burgir-King/Content/FPWeapon/Materials/MaterialLayers/T_ML_Rubber_Blue_01_D.ubulk" 93
"D:/Unreal/Burgir-King/Content/FPWeapon/Materials/MaterialLayers/T_ML_Rubber_Blue_01_D.uasset" 94
"D:/Unreal/Burgir-King/Content/FPWeapon/Materials/MaterialLayers/T_ML_Rubber_Blue_01_D.uexp" 95
"D:/Unreal/Burgir-King/Content/FPWeapon/Textures/T_FPGun_N.ubulk" 96
"D:/Unreal/Burgir-King/Content/FPWeapon/Textures/T_FPGun_N.uasset" 97
"D:/Unreal/Burgir-King/Content/FPWeapon/Textures/T_FPGun_N.uexp" 98
"../../../Engine/Content/Functions/Engine_MaterialFunctions02/Utility/BlendAngleCorrectedNormals.uasset" 99
"../../../Engine/Content/Functions/Engine_MaterialFunctions02/Utility/BlendAngleCorrectedNormals.uexp" 100
"../../../Engine/Content/Functions/MaterialLayerFunctions/MatLayerBlend_NormalBlend.uasset" 101
"../../../Engine/Content/Functions/MaterialLayerFunctions/MatLayerBlend_NormalBlend.uexp" 102
"D:/Unreal/Burgir-King/Content/FPWeapon/Materials/MaterialLayers/T_ML_Rubber_Blue_01_N.ubulk" 103
"D:/Unreal/Burgir-King/Content/FPWeapon/Materials/MaterialLayers/T_ML_Rubber_Blue_01_N.uasset" 104
"D:/Unreal/Burgir-King/Content/FPWeapon/Materials/MaterialLayers/T_ML_Rubber_Blue_01_N.uexp" 105
"D:/Unreal/Burgir-King/Content/FPWeapon/Materials/MaterialLayers/ML_Screen.uasset" 106
"D:/Unreal/Burgir-King/Content/FPWeapon/Materials/MaterialLayers/ML_Screen.uexp" 107
"D:/Unreal/Burgir-King/Content/FPWeapon/Materials/MaterialLayers/T_ML_Aluminum01_N.ubulk" 108
"D:/Unreal/Burgir-King/Content/FPWeapon/Materials/MaterialLayers/T_ML_Aluminum01_N.uasset" 109
"D:/Unreal/Burgir-King/Content/FPWeapon/Materials/MaterialLayers/T_ML_Aluminum01_N.uexp" 110
"D:/Unreal/Burgir-King/Content/FPWeapon/Materials/MaterialLayers/T_ML_Aluminum01.ubulk" 111
"D:/Unreal/Burgir-King/Content/FPWeapon/Materials/MaterialLayers/T_ML_Aluminum01.uasset" 112
"D:/Unreal/Burgir-King/Content/FPWeapon/Materials/MaterialLayers/T_ML_Aluminum01.uexp" 113
"D:/Unreal/Burgir-King/Content/FPWeapon/Materials/MaterialLayers/ML_SoftMetal_UE4.uasset" 114
"D:/Unreal/Burgir-King/Content/FPWeapon/Materials/MaterialLayers/ML_SoftMetal_UE4.uexp" 115
"../../../Engine/Content/Functions/MaterialLayerFunctions/MatLayerBlend_Simple.uasset" 116
"../../../Engine/Content/Functions/MaterialLayerFunctions/MatLayerBlend_Simple.uexp" 117
"D:/Unreal/Burgir-King/Content/FPWeapon/Textures/T_FPGun_M.ubulk" 118
"D:/Unreal/Burgir-King/Content/FPWeapon/Textures/T_FPGun_M.uasset" 119
"D:/Unreal/Burgir-King/Content/FPWeapon/Textures/T_FPGun_M.uexp" 120
"D:/Unreal/Burgir-King/Content/FPWeapon/Materials/MaterialLayers/ML_Plastic_Shiny_Beige.uasset" 121
"D:/Unreal/Burgir-King/Content/FPWeapon/Materials/MaterialLayers/ML_Plastic_Shiny_Beige.uexp" 122
"D:/Unreal/Burgir-King/Content/FPWeapon/Materials/MaterialLayers/ML_GlossyBlack_Latex_UE4.uasset" 123
"D:/Unreal/Burgir-King/Content/FPWeapon/Materials/MaterialLayers/ML_GlossyBlack_Latex_UE4.uexp" 124
"D:/Unreal/Burgir-King/Content/FPWeapon/Materials/M_FPGun.uasset" 125
"D:/Unreal/Burgir-King/Content/FPWeapon/Materials/M_FPGun.uexp" 126
"D:/Unreal/Burgir-King/Content/FPWeapon/Mesh/SK_FPGun_Physics.uasset" 127
"D:/Unreal/Burgir-King/Content/FPWeapon/Mesh/SK_FPGun_Physics.uexp" 128
"D:/Unreal/Burgir-King/Content/FPWeapon/Mesh/SK_FPGun.uasset" 129
"D:/Unreal/Burgir-King/Content/FPWeapon/Mesh/SK_FPGun.uexp" 130
"D:/Unreal/Burgir-King/Content/FPWeapon/Audio/FirstPersonTemplateWeaponFire02.ubulk" 131
"D:/Unreal/Burgir-King/Content/FPWeapon/Audio/FirstPersonTemplateWeaponFire02.uasset" 132
"D:/Unreal/Burgir-King/Content/FPWeapon/Audio/FirstPersonTemplateWeaponFire02.uexp" 133
"D:/Unreal/Burgir-King/Content/FPWeapon/Materials/BaseMaterial.uasset" 134
"D:/Unreal/Burgir-King/Content/FPWeapon/Materials/BaseMaterial.uexp" 135
"D:/Unreal/Burgir-King/Content/FPWeapon/Materials/FirstPersonProjectileMaterial.uasset" 136
"D:/Unreal/Burgir-King/Content/FPWeapon/Materials/FirstPersonProjectileMaterial.uexp" 137
"D:/Unreal/Burgir-King/Content/FPWeapon/Mesh/FirstPersonProjectileMesh.ubulk" 138
"D:/Unreal/Burgir-King/Content/FPWeapon/Mesh/FirstPersonProjectileMesh.uasset" 139
"D:/Unreal/Burgir-King/Content/FPWeapon/Mesh/FirstPersonProjectileMesh.uexp" 140
"D:/Unreal/Burgir-King/Content/FirstPerson/Blueprints/BP_FirstPersonProjectile.uasset" 141
"D:/Unreal/Burgir-King/Content/FirstPerson/Blueprints/BP_FirstPersonProjectile.uexp" 142
"../../../Engine/Content/Animation/DefaultAnimCurveCompressionSettings.uasset" 143
"../../../Engine/Content/Animation/DefaultAnimCurveCompressionSettings.uexp" 144
"../../../Engine/Content/Animation/DefaultAnimBoneCompressionSettings.uasset" 145
"../../../Engine/Content/Animation/DefaultAnimBoneCompressionSettings.uexp" 146
"D:/Unreal/Burgir-King/Content/FirstPersonArms/Character/Mesh/SK_Mannequin_Arms_Skeleton.uasset" 147
"D:/Unreal/Burgir-King/Content/FirstPersonArms/Character/Mesh/SK_Mannequin_Arms_Skeleton.uexp" 148
"D:/Unreal/Burgir-King/Content/FirstPersonArms/Animations/FP_Rifle_Fire.uasset" 149
"D:/Unreal/Burgir-King/Content/FirstPersonArms/Animations/FP_Rifle_Fire.uexp" 150
"D:/Unreal/Burgir-King/Content/FirstPersonArms/Animations/FP_Rifle_Shoot_Montage.uasset" 151
"D:/Unreal/Burgir-King/Content/FirstPersonArms/Animations/FP_Rifle_Shoot_Montage.uexp" 152
"D:/Unreal/Burgir-King/Content/FirstPersonArms/Character/Textures/Manny/T_Manny_02_N.ubulk" 153
"D:/Unreal/Burgir-King/Content/FirstPersonArms/Character/Textures/Manny/T_Manny_02_N.uasset" 154
"D:/Unreal/Burgir-King/Content/FirstPersonArms/Character/Textures/Manny/T_Manny_02_N.uexp" 155
"D:/Unreal/Burgir-King/Content/FirstPersonArms/Character/Textures/Manny/T_Manny_02_BN.ubulk" 156
"D:/Unreal/Burgir-King/Content/FirstPersonArms/Character/Textures/Manny/T_Manny_02_BN.uasset" 157
"D:/Unreal/Burgir-King/Content/FirstPersonArms/Character/Textures/Manny/T_Manny_02_BN.uexp" 158
"D:/Unreal/Burgir-King/Content/FirstPersonArms/Character/Textures/Manny/T_Manny_02_ASAOPMASK_MSK.ubulk" 159
"D:/Unreal/Burgir-King/Content/FirstPersonArms/Character/Textures/Manny/T_Manny_02_ASAOPMASK_MSK.uasset" 160
"D:/Unreal/Burgir-King/Content/FirstPersonArms/Character/Textures/Manny/T_Manny_02_ASAOPMASK_MSK.uexp" 161
"D:/Unreal/Burgir-King/Content/FirstPersonArms/Character/Textures/Manny/T_Manny_01_ASAOPMASK_MSK.ubulk" 162
"D:/Unreal/Burgir-King/Content/FirstPersonArms/Character/Textures/Manny/T_Manny_01_ASAOPMASK_MSK.uasset" 163
"D:/Unreal/Burgir-King/Content/FirstPersonArms/Character/Textures/Manny/T_Manny_01_ASAOPMASK_MSK.uexp" 164
"D:/Unreal/Burgir-King/Content/FirstPersonArms/Character/Textures/Manny/T_Manny_01_CCRCCPlastic_MSK.ubulk" 165
"D:/Unreal/Burgir-King/Content/FirstPersonArms/Character/Textures/Manny/T_Manny_01_CCRCCPlastic_MSK.uasset" 166
"D:/Unreal/Burgir-King/Content/FirstPersonArms/Character/Textures/Manny/T_Manny_01_CCRCCPlastic_MSK.uexp" 167
"D:/Unreal/Burgir-King/Content/FirstPersonArms/Character/Textures/Manny/T_Manny_01_Tan.ubulk" 168
"D:/Unreal/Burgir-King/Content/FirstPersonArms/Character/Textures/Manny/T_Manny_01_Tan.uasset" 169
"D:/Unreal/Burgir-King/Content/FirstPersonArms/Character/Textures/Manny/T_Manny_01_Tan.uexp" 170
"D:/Unreal/Burgir-King/Content/FirstPersonArms/Character/Textures/Manny/T_Manny_01_BN.ubulk" 171
"D:/Unreal/Burgir-King/Content/FirstPersonArms/Character/Textures/Manny/T_Manny_01_BN.uasset" 172
"D:/Unreal/Burgir-King/Content/FirstPersonArms/Character/Textures/Manny/T_Manny_01_BN.uexp" 173
"D:/Unreal/Burgir-King/Content/FirstPersonArms/Character/Textures/Manny/T_Manny_01_MSR_MSK.ubulk" 174
"D:/Unreal/Burgir-King/Content/FirstPersonArms/Character/Textures/Manny/T_Manny_01_MSR_MSK.uasset" 175
"D:/Unreal/Burgir-King/Content/FirstPersonArms/Character/Textures/Manny/T_Manny_01_MSR_MSK.uexp" 176
"D:/Unreal/Burgir-King/Content/FirstPersonArms/Character/Textures/Manny/T_Manny_01_N.ubulk" 177
"D:/Unreal/Burgir-King/Content/FirstPersonArms/Character/Textures/Manny/T_Manny_01_N.uasset" 178
"D:/Unreal/Burgir-King/Content/FirstPersonArms/Character/Textures/Manny/T_Manny_01_N.uexp" 179
"D:/Unreal/Burgir-King/Content/FirstPersonArms/Character/Textures/Manny/T_Manny_01_D.ubulk" 180
"D:/Unreal/Burgir-King/Content/FirstPersonArms/Character/Textures/Manny/T_Manny_01_D.uasset" 181
"D:/Unreal/Burgir-King/Content/FirstPersonArms/Character/Textures/Manny/T_Manny_01_D.uexp" 182
"D:/Unreal/Burgir-King/Content/FirstPersonArms/Character/Materials/Functions/ChromaticCurve.uasset" 183
"D:/Unreal/Burgir-King/Content/FirstPersonArms/Character/Materials/Functions/ChromaticCurve.uexp" 184
"D:/Unreal/Burgir-King/Content/FirstPersonArms/Character/Materials/Functions/CA_Mannequin.uasset" 185
"D:/Unreal/Burgir-King/Content/FirstPersonArms/Character/Materials/Functions/CA_Mannequin.uexp" 186
"D:/Unreal/Burgir-King/Content/FirstPersonArms/Character/Materials/Functions/MF_Diffraction.uasset" 187
"D:/Unreal/Burgir-King/Content/FirstPersonArms/Character/Materials/Functions/MF_Diffraction.uexp" 188
"../../../Engine/Content/Functions/Engine_MaterialFunctions02/Utility/BreakOutFloat2Components.uasset" 189
"../../../Engine/Content/Functions/Engine_MaterialFunctions02/Utility/BreakOutFloat2Components.uexp" 190
"../../../Engine/Content/Functions/Engine_MaterialFunctions01/Texturing/ScaleUVsByCenter.uasset" 191
"../../../Engine/Content/Functions/Engine_MaterialFunctions01/Texturing/ScaleUVsByCenter.uexp" 192
"D:/Unreal/Burgir-King/Content/FirstPersonArms/Character/Textures/Shared/T_UE_Logo_M.uasset" 193
"D:/Unreal/Burgir-King/Content/FirstPersonArms/Character/Textures/Shared/T_UE_Logo_M.uexp" 194
"D:/Unreal/Burgir-King/Content/FirstPersonArms/Character/Materials/Functions/MF_logo3layers.uasset" 195
"D:/Unreal/Burgir-King/Content/FirstPersonArms/Character/Materials/Functions/MF_logo3layers.uexp" 196
"D:/Unreal/Burgir-King/Content/FirstPersonArms/Character/Materials/Functions/ML_BaseColorFallOff.uasset" 197
"D:/Unreal/Burgir-King/Content/FirstPersonArms/Character/Materials/Functions/ML_BaseColorFallOff.uexp" 198
"D:/Unreal/Burgir-King/Content/FirstPersonArms/Character/Materials/M_Mannequin.uasset" 199
"D:/Unreal/Burgir-King/Content/FirstPersonArms/Character/Materials/M_Mannequin.uexp" 200
"D:/Unreal/Burgir-King/Content/FirstPersonArms/Character/Materials/Instances/Manny/MI_Manny_01.uasset" 201
"D:/Unreal/Burgir-King/Content/FirstPersonArms/Character/Materials/Instances/Manny/MI_Manny_01.uexp" 202
"D:/Unreal/Burgir-King/Content/FirstPersonArms/Character/Textures/Manny/T_Manny_02_CCRCCPlastic_MSK.ubulk" 203
"D:/Unreal/Burgir-King/Content/FirstPersonArms/Character/Textures/Manny/T_Manny_02_CCRCCPlastic_MSK.uasset" 204
"D:/Unreal/Burgir-King/Content/FirstPersonArms/Character/Textures/Manny/T_Manny_02_CCRCCPlastic_MSK.uexp" 205
"D:/Unreal/Burgir-King/Content/FirstPersonArms/Character/Textures/Manny/T_Manny_02_MSR_MSK.ubulk" 206
"D:/Unreal/Burgir-King/Content/FirstPersonArms/Character/Textures/Manny/T_Manny_02_MSR_MSK.uasset" 207
"D:/Unreal/Burgir-King/Content/FirstPersonArms/Character/Textures/Manny/T_Manny_02_MSR_MSK.uexp" 208
"D:/Unreal/Burgir-King/Content/FirstPersonArms/Character/Textures/Manny/T_Manny_02_D.ubulk" 209
"D:/Unreal/Burgir-King/Content/FirstPersonArms/Character/Textures/Manny/T_Manny_02_D.uasset" 210
"D:/Unreal/Burgir-King/Content/FirstPersonArms/Character/Textures/Manny/T_Manny_02_D.uexp" 211
"D:/Unreal/Burgir-King/Content/FirstPersonArms/Character/Textures/Manny/T_Manny_02_Tan.ubulk" 212
"D:/Unreal/Burgir-King/Content/FirstPersonArms/Character/Textures/Manny/T_Manny_02_Tan.uasset" 213
"D:/Unreal/Burgir-King/Content/FirstPersonArms/Character/Textures/Manny/T_Manny_02_Tan.uexp" 214
"D:/Unreal/Burgir-King/Content/FirstPersonArms/Character/Materials/Instances/Manny/MI_Manny_02.uasset" 215
"D:/Unreal/Burgir-King/Content/FirstPersonArms/Character/Materials/Instances/Manny/MI_Manny_02.uexp" 216
"D:/Unreal/Burgir-King/Content/FirstPersonArms/Character/Mesh/SK_Mannequin_Arms_PhysicsAsset.uasset" 217
"D:/Unreal/Burgir-King/Content/FirstPersonArms/Character/Mesh/SK_Mannequin_Arms_PhysicsAsset.uexp" 218
"D:/Unreal/Burgir-King/Content/FirstPersonArms/Character/Mesh/SK_Mannequin_Arms.uasset" 219
"D:/Unreal/Burgir-King/Content/FirstPersonArms/Character/Mesh/SK_Mannequin_Arms.uexp" 220
"D:/Unreal/Burgir-King/Content/FirstPersonArms/Animations/FP_Rifle_Idle.uasset" 221
"D:/Unreal/Burgir-King/Content/FirstPersonArms/Animations/FP_Rifle_Idle.uexp" 222
"D:/Unreal/Burgir-King/Content/FirstPersonArms/Animations/FP_Rifle_Land.uasset" 223
"D:/Unreal/Burgir-King/Content/FirstPersonArms/Animations/FP_Rifle_Land.uexp" 224
"D:/Unreal/Burgir-King/Content/FirstPersonArms/Animations/FP_Rifle_Run.uasset" 225
"D:/Unreal/Burgir-King/Content/FirstPersonArms/Animations/FP_Rifle_Run.uexp" 226
"D:/Unreal/Burgir-King/Content/FirstPersonArms/Animations/FP_Rifle_Falling.uasset" 227
"D:/Unreal/Burgir-King/Content/FirstPersonArms/Animations/FP_Rifle_Falling.uexp" 228
"../../../Engine/Content/Animation/DefaultRecorderBoneCompression.uasset" 229
"../../../Engine/Content/Animation/DefaultRecorderBoneCompression.uexp" 230
"D:/Unreal/Burgir-King/Content/FirstPersonArms/Animations/FP_Idle.uasset" 231
"D:/Unreal/Burgir-King/Content/FirstPersonArms/Animations/FP_Idle.uexp" 232
"D:/Unreal/Burgir-King/Content/FirstPersonArms/Animations/FP_Jump.uasset" 233
"D:/Unreal/Burgir-King/Content/FirstPersonArms/Animations/FP_Jump.uexp" 234
"D:/Unreal/Burgir-King/Content/FirstPersonArms/Animations/FP_Run_Fwd.uasset" 235
"D:/Unreal/Burgir-King/Content/FirstPersonArms/Animations/FP_Run_Fwd.uexp" 236
"D:/Unreal/Burgir-King/Content/FirstPersonArms/Animations/FP_Land.uasset" 237
"D:/Unreal/Burgir-King/Content/FirstPersonArms/Animations/FP_Land.uexp" 238
"D:/Unreal/Burgir-King/Content/FirstPersonArms/Animations/FP_Falling.uasset" 239
"D:/Unreal/Burgir-King/Content/FirstPersonArms/Animations/FP_Falling.uexp" 240
"../../../Engine/Content/Animation/DefaultVariableFrameStrippingSettings.uasset" 241
"../../../Engine/Content/Animation/DefaultVariableFrameStrippingSettings.uexp" 242
"D:/Unreal/Burgir-King/Content/FirstPersonArms/Animations/FP_Rifle_Jump.uasset" 243
"D:/Unreal/Burgir-King/Content/FirstPersonArms/Animations/FP_Rifle_Jump.uexp" 244
"D:/Unreal/Burgir-King/Content/FirstPersonArms/Animations/FirstPerson_AnimBP.uasset" 245
"D:/Unreal/Burgir-King/Content/FirstPersonArms/Animations/FirstPerson_AnimBP.uexp" 246
"D:/Unreal/Burgir-King/Content/FirstPerson/Blueprints/BP_FirstPersonCharacter.uasset" 247
"D:/Unreal/Burgir-King/Content/FirstPerson/Blueprints/BP_FirstPersonCharacter.uexp" 248
"D:/Unreal/Burgir-King/Content/FirstPerson/Blueprints/BP_Weapon_Component.uasset" 249
"D:/Unreal/Burgir-King/Content/FirstPerson/Blueprints/BP_Weapon_Component.uexp" 250
"../../../Engine/Content/EditorMeshes/ArcadeEditorSphere.ubulk" 251
"../../../Engine/Content/EditorMeshes/ArcadeEditorSphere.uasset" 252
"../../../Engine/Content/EditorMeshes/ArcadeEditorSphere.uexp" 253
"D:/Unreal/Burgir-King/Content/Blueprint/Food/BP_Ingredient.uasset" 254
"D:/Unreal/Burgir-King/Content/Blueprint/Food/BP_Ingredient.uexp" 255
"D:/Unreal/Burgir-King/Content/Assets/LevelAssets/M_Black.uasset" 256
"D:/Unreal/Burgir-King/Content/Assets/LevelAssets/M_Black.uexp" 257
"D:/Unreal/Burgir-King/Content/Assets/LevelAssets/M_Rocket_2.uasset" 258
"D:/Unreal/Burgir-King/Content/Assets/LevelAssets/M_Rocket_2.uexp" 259
"D:/Unreal/Burgir-King/Content/Assets/LevelAssets/M_White.uasset" 260
"D:/Unreal/Burgir-King/Content/Assets/LevelAssets/M_White.uexp" 261
"D:/Unreal/Burgir-King/Content/Assets/LevelAssets/M_Grey_2.uasset" 262
"D:/Unreal/Burgir-King/Content/Assets/LevelAssets/M_Grey_2.uexp" 263
"D:/Unreal/Burgir-King/Content/Assets/LevelAssets/M_Grey_3.uasset" 264
"D:/Unreal/Burgir-King/Content/Assets/LevelAssets/M_Grey_3.uexp" 265
"D:/Unreal/Burgir-King/Content/Assets/LevelAssets/gravityengine.ubulk" 266
"D:/Unreal/Burgir-King/Content/Assets/LevelAssets/gravityengine.uasset" 267
"D:/Unreal/Burgir-King/Content/Assets/LevelAssets/gravityengine.uexp" 268
"D:/Unreal/Burgir-King/Content/Blueprint/Systems/BP_GravityAnomaly.uasset" 269
"D:/Unreal/Burgir-King/Content/Blueprint/Systems/BP_GravityAnomaly.uexp" 270
"D:/Unreal/Burgir-King/Content/Blueprint/Player/BPI_Interact.uasset" 271
"D:/Unreal/Burgir-King/Content/Blueprint/Player/BPI_Interact.uexp" 272
"D:/Unreal/Burgir-King/Content/Blueprint/Player/BP_Player.uasset" 273
"D:/Unreal/Burgir-King/Content/Blueprint/Player/BP_Player.uexp" 274
"D:/Unreal/Burgir-King/Content/FirstPerson/Blueprints/BP_FirstPersonGameMode.uasset" 275
"D:/Unreal/Burgir-King/Content/FirstPerson/Blueprints/BP_FirstPersonGameMode.uexp" 276
"D:/Unreal/Burgir-King/Content/Blueprint/BP_GameMode.uasset" 277
"D:/Unreal/Burgir-King/Content/Blueprint/BP_GameMode.uexp" 278
"../../../Engine/Plugins/Runtime/AudioWidgets/Content/Resources/ScrubHandleDown_Clamped.uasset" 279
"../../../Engine/Plugins/Runtime/AudioWidgets/Content/Resources/ScrubHandleDown_Clamped.uexp" 280
"../../../Engine/Content/EngineResources/GradientTexture0.uasset" 281
"../../../Engine/Content/EngineResources/GradientTexture0.uexp" 282
"../../../Engine/Content/EngineResources/Black.uasset" 283
"../../../Engine/Content/EngineResources/Black.uexp" 284
"../../../Engine/Content/EngineMaterials/PreintegratedSkinBRDF.uasset" 285
"../../../Engine/Content/EngineMaterials/PreintegratedSkinBRDF.uexp" 286
"../../../Engine/Content/EngineMaterials/MiniFont.uasset" 287
"../../../Engine/Content/EngineMaterials/MiniFont.uexp" 288
"../../../Engine/Content/EngineMaterials/FastBlueNoise_vec2_128x128x64.uasset" 289
"../../../Engine/Content/EngineMaterials/FastBlueNoise_vec2_128x128x64.uexp" 290
"../../../Engine/Content/EngineMaterials/FastBlueNoise_scalar_128x128x64.uasset" 291
"../../../Engine/Content/EngineMaterials/FastBlueNoise_scalar_128x128x64.uexp" 292
"../../../Engine/Content/EngineMaterials/DefaultWhiteGrid.ubulk" 293
"../../../Engine/Content/EngineMaterials/DefaultWhiteGrid.uasset" 294
"../../../Engine/Content/EngineMaterials/DefaultWhiteGrid.uexp" 295
"../../../Engine/Content/EngineMaterials/DefaultBokeh.uasset" 296
"../../../Engine/Content/EngineMaterials/DefaultBokeh.uexp" 297
"../../../Engine/Content/EngineMaterials/DefaultBloomKernel.uasset" 298
"../../../Engine/Content/EngineMaterials/DefaultBloomKernel.uexp" 299
"../../../Engine/Content/EngineDamageTypes/DmgTypeBP_Environmental.uasset" 300
"../../../Engine/Content/EngineDamageTypes/DmgTypeBP_Environmental.uexp" 301
"../../../Engine/Content/EditorResources/S_TriggerSphere.uasset" 302
"../../../Engine/Content/EditorResources/S_TriggerSphere.uexp" 303
"../../../Engine/Content/EditorResources/S_TriggerCapsule.uasset" 304
"../../../Engine/Content/EditorResources/S_TriggerCapsule.uexp" 305
"../../../Engine/Content/EditorResources/S_TriggerBox.uasset" 306
"../../../Engine/Content/EditorResources/S_TriggerBox.uexp" 307
"../../../Engine/Content/EditorResources/S_Trigger.ubulk" 308
"../../../Engine/Content/EditorResources/S_Trigger.uasset" 309
"../../../Engine/Content/EditorResources/S_Trigger.uexp" 310
"../../../Engine/Content/EditorResources/S_Terrain.ubulk" 311
"../../../Engine/Content/EditorResources/S_Terrain.uasset" 312
"../../../Engine/Content/EditorResources/S_Terrain.uexp" 313
"../../../Engine/Content/EditorResources/S_Solver.ubulk" 314
"../../../Engine/Content/EditorResources/S_Solver.uasset" 315
"../../../Engine/Content/EditorResources/S_Solver.uexp" 316
"../../../Engine/Content/EditorResources/EmptyActor.uasset" 317
"../../../Engine/Content/EditorResources/EmptyActor.uexp" 318
"../../../Engine/Content/EditorResources/BSPVertex.uasset" 319
"../../../Engine/Content/EditorResources/BSPVertex.uexp" 320
"../../../Engine/Content/EditorLandscapeResources/DefaultAlphaTexture.uasset" 321
"../../../Engine/Content/EditorLandscapeResources/DefaultAlphaTexture.uexp" 322
"../../../Engine/Content/EngineResources/DefaultTextureCube.uasset" 323
"../../../Engine/Content/EngineResources/DefaultTextureCube.uexp" 324
"../../../Engine/Content/EngineResources/DefaultVolumeTexture2D.uasset" 325
"../../../Engine/Content/EngineResources/DefaultVolumeTexture2D.uexp" 326
"../../../Engine/Content/EngineResources/DefaultVolumeTexture.uasset" 327
"../../../Engine/Content/EngineResources/DefaultVolumeTexture.uexp" 328
"../../../Engine/Content/EngineResources/FilmGrains/Marcie_Grain_v3_128_M2_000.uasset" 329
"../../../Engine/Content/EngineResources/FilmGrains/Marcie_Grain_v3_128_M2_000.uexp" 330
"../../../Engine/Content/EngineMaterials/Substrate/Volume/SubstrateSimpleVolumeLUT3D.uasset" 331
"../../../Engine/Content/EngineMaterials/Substrate/Volume/SubstrateSimpleVolumeLUT3D.uexp" 332
"../../../Engine/Content/EngineMaterials/Substrate/Volume/SubstrateSimpleVolumeEnvLUT3D.uasset" 333
"../../../Engine/Content/EngineMaterials/Substrate/Volume/SubstrateSimpleVolumeEnvLUT3D.uexp" 334
"../../../Engine/Content/EngineMaterials/LTC/Sheen_LTC.uasset" 335
"../../../Engine/Content/EngineMaterials/LTC/Sheen_LTC.uexp" 336
"../../../Engine/Content/EngineMaterials/LTC/GGX_LTCMat.uasset" 337
"../../../Engine/Content/EngineMaterials/LTC/GGX_LTCMat.uexp" 338
"../../../Engine/Content/EngineMaterials/LTC/GGX_LTCAmp.uasset" 339
"../../../Engine/Content/EngineMaterials/LTC/GGX_LTCAmp.uexp" 340
"../../../Engine/Content/EngineMaterials/EnergyConservation/Sheen_Energy.uasset" 341
"../../../Engine/Content/EngineMaterials/EnergyConservation/Sheen_Energy.uexp" 342
"../../../Engine/Content/EngineMaterials/EnergyConservation/SheenLegacy_Energy.uasset" 343
"../../../Engine/Content/EngineMaterials/EnergyConservation/SheenLegacy_Energy.uexp" 344
"../../../Engine/Content/EngineMaterials/EnergyConservation/GGX_TransmissionEnergyArray.uasset" 345
"../../../Engine/Content/EngineMaterials/EnergyConservation/GGX_TransmissionEnergyArray.uexp" 346
"../../../Engine/Content/EngineMaterials/EnergyConservation/GGX_ReflectionEnergy.uasset" 347
"../../../Engine/Content/EngineMaterials/EnergyConservation/GGX_ReflectionEnergy.uexp" 348
"../../../Engine/Content/EngineMaterials/EnergyConservation/Diffuse_Energy.uasset" 349
"../../../Engine/Content/EngineMaterials/EnergyConservation/Diffuse_Energy.uexp" 350
"../../../Engine/Content/EditorResources/SequenceRecorder/RecordingIndicator.uasset" 351
"../../../Engine/Content/EditorResources/SequenceRecorder/RecordingIndicator.uexp" 352
"../../../Engine/Content/EditorResources/SequenceRecorder/Countdown.uasset" 353
"../../../Engine/Content/EditorResources/SequenceRecorder/Countdown.uexp" 354
"../../../Engine/Content/EditorMaterials/ParticleSystems/PSysThumbnail_OOD.ubulk" 355
"../../../Engine/Content/EditorMaterials/ParticleSystems/PSysThumbnail_OOD.uasset" 356
"../../../Engine/Content/EditorMaterials/ParticleSystems/PSysThumbnail_OOD.uexp" 357
"../../../Engine/Content/EditorMaterials/ParticleSystems/PSysThumbnail_NoImage.ubulk" 358
"../../../Engine/Content/EditorMaterials/ParticleSystems/PSysThumbnail_NoImage.uasset" 359
"../../../Engine/Content/EditorMaterials/ParticleSystems/PSysThumbnail_NoImage.uexp" 360
"../../../Engine/Content/EditorMaterials/Dataflow/DataflowVertexMaterial.uasset" 361
"../../../Engine/Content/EditorMaterials/Dataflow/DataflowVertexMaterial.uexp" 362
"../../../Engine/Content/EditorMaterials/Dataflow/DataflowTwoSidedVertexMaterial.uasset" 363
"../../../Engine/Content/EditorMaterials/Dataflow/DataflowTwoSidedVertexMaterial.uexp" 364
"../../../Engine/Content/Functions/Engine_MaterialFunctions01/Shading/ConvertFromDiffSpec.uasset" 365
"../../../Engine/Content/Functions/Engine_MaterialFunctions01/Shading/ConvertFromDiffSpec.uexp" 366
"../../../Engine/Content/Functions/Engine_MaterialFunctions01/Shading/PowerToRoughness.uasset" 367
"../../../Engine/Content/Functions/Engine_MaterialFunctions01/Shading/PowerToRoughness.uexp" 368
"../../../Engine/Content/BasicShapes/BasicShapeMaterial.uasset" 369
"../../../Engine/Content/BasicShapes/BasicShapeMaterial.uexp" 370
"../../../Engine/Content/EditorMaterials/PhAT_NoCollisionMaterial.uasset" 371
"../../../Engine/Content/EditorMaterials/PhAT_NoCollisionMaterial.uexp" 372
"../../../Engine/Content/EditorMaterials/PhAT_UnselectedMaterial.uasset" 373
"../../../Engine/Content/EditorMaterials/PhAT_UnselectedMaterial.uexp" 374
"../../../Engine/Content/EditorMaterials/PreviewShadowIndicator.ubulk" 375
"../../../Engine/Content/EditorMaterials/PreviewShadowIndicator.uasset" 376
"../../../Engine/Content/EditorMaterials/PreviewShadowIndicator.uexp" 377
"../../../Engine/Content/EditorMaterials/PreviewShadowIndicatorMaterial.uasset" 378
"../../../Engine/Content/EditorMaterials/PreviewShadowIndicatorMaterial.uexp" 379
"../../../Engine/Content/EngineDebugMaterials/DebugEditorMaterial.uasset" 380
"../../../Engine/Content/EngineDebugMaterials/DebugEditorMaterial.uexp" 381
"../../../Engine/Content/EngineDebugMaterials/DebugMeshMaterial.uasset" 382
"../../../Engine/Content/EngineDebugMaterials/DebugMeshMaterial.uexp" 383
"../../../Engine/Content/EngineDebugMaterials/M_SimpleUnlitTranslucent.uasset" 384
"../../../Engine/Content/EngineDebugMaterials/M_SimpleUnlitTranslucent.uexp" 385
"../../../Engine/Content/Functions/Engine_MaterialFunctions02/Utility/CameraDirectionVector.uasset" 386
"../../../Engine/Content/Functions/Engine_MaterialFunctions02/Utility/CameraDirectionVector.uexp" 387
"../../../Engine/Content/EngineDebugMaterials/VolumeToRender.uasset" 388
"../../../Engine/Content/EngineDebugMaterials/VolumeToRender.uexp" 389
"../../../Engine/Content/EngineDebugMaterials/M_VolumeRenderSphereTracePP.uasset" 390
"../../../Engine/Content/EngineDebugMaterials/M_VolumeRenderSphereTracePP.uexp" 391
"../../../Engine/Content/EngineMaterials/DefaultDiffuse.ubulk" 392
"../../../Engine/Content/EngineMaterials/DefaultDiffuse.uasset" 393
"../../../Engine/Content/EngineMaterials/DefaultDiffuse.uexp" 394
"../../../Engine/Content/EngineMaterials/DefaultDeferredDecalMaterial.uasset" 395
"../../../Engine/Content/EngineMaterials/DefaultDeferredDecalMaterial.uexp" 396
"../../../Engine/Content/EngineMaterials/DefaultLightFunctionMaterial.uasset" 397
"../../../Engine/Content/EngineMaterials/DefaultLightFunctionMaterial.uexp" 398
"../../../Engine/Content/EngineMaterials/DefaultPostProcessMaterial.uasset" 399
"../../../Engine/Content/EngineMaterials/DefaultPostProcessMaterial.uexp" 400
"../../../Engine/Content/EngineFonts/RobotoDistanceField.uasset" 401
"../../../Engine/Content/EngineFonts/RobotoDistanceField.uexp" 402
"../../../Engine/Content/EngineMaterials/DefaultTextMaterialOpaque.uasset" 403
"../../../Engine/Content/EngineMaterials/DefaultTextMaterialOpaque.uexp" 404
"../../../Engine/Content/EngineMaterials/DefaultWhiteGrid_Low.uasset" 405
"../../../Engine/Content/EngineMaterials/DefaultWhiteGrid_Low.uexp" 406
"../../../Engine/Content/EngineMaterials/EmissiveMeshMaterial.uasset" 407
"../../../Engine/Content/EngineMaterials/EmissiveMeshMaterial.uexp" 408
"../../../Engine/Content/EngineMaterials/BaseFlattenNormalMap.uasset" 409
"../../../Engine/Content/EngineMaterials/BaseFlattenNormalMap.uexp" 410
"../../../Engine/Content/EngineMaterials/BaseFlattenGrayscaleMap.uasset" 411
"../../../Engine/Content/EngineMaterials/BaseFlattenGrayscaleMap.uexp" 412
"../../../Engine/Content/EngineMaterials/BaseFlattenDiffuseMap.uasset" 413
"../../../Engine/Content/EngineMaterials/BaseFlattenDiffuseMap.uexp" 414
"../../../Engine/Content/Functions/Engine_MaterialFunctions02/PivotPainter2/Black_1x1_EXR_Texture.uasset" 415
"../../../Engine/Content/Functions/Engine_MaterialFunctions02/PivotPainter2/Black_1x1_EXR_Texture.uexp" 416
"../../../Engine/Content/EngineMaterials/BaseFlattenEmissiveMap.uasset" 417
"../../../Engine/Content/EngineMaterials/BaseFlattenEmissiveMap.uexp" 418
"../../../Engine/Content/EngineMaterials/BaseFlattenLinearColor.uasset" 419
"../../../Engine/Content/EngineMaterials/BaseFlattenLinearColor.uexp" 420
"../../../Engine/Content/EngineMaterials/FlattenMaterial.uasset" 421
"../../../Engine/Content/EngineMaterials/FlattenMaterial.uexp" 422
"../../../Engine/Content/EngineMaterials/BaseFlattenEmissiveMap_VT.uasset" 423
"../../../Engine/Content/EngineMaterials/BaseFlattenEmissiveMap_VT.uexp" 424
"../../../Engine/Content/EngineMaterials/BaseFlattenGrayscaleMap_VT.uasset" 425
"../../../Engine/Content/EngineMaterials/BaseFlattenGrayscaleMap_VT.uexp" 426
"../../../Engine/Content/EngineMaterials/BaseFlattenLinearColor_VT.uasset" 427
"../../../Engine/Content/EngineMaterials/BaseFlattenLinearColor_VT.uexp" 428
"../../../Engine/Content/EngineMaterials/Black_1x1_EXR_Texture_VT.uasset" 429
"../../../Engine/Content/EngineMaterials/Black_1x1_EXR_Texture_VT.uexp" 430
"../../../Engine/Content/EngineMaterials/BaseFlattenDiffuseMap_VT.uasset" 431
"../../../Engine/Content/EngineMaterials/BaseFlattenDiffuseMap_VT.uexp" 432
"../../../Engine/Content/EngineMaterials/BaseFlattenNormalMap_VT.uasset" 433
"../../../Engine/Content/EngineMaterials/BaseFlattenNormalMap_VT.uexp" 434
"../../../Engine/Content/EngineMaterials/FlattenMaterial_VT.uasset" 435
"../../../Engine/Content/EngineMaterials/FlattenMaterial_VT.uexp" 436
"../../../Engine/Content/EngineMaterials/FlattenMaterial_WS_Normal_VT.uasset" 437
"../../../Engine/Content/EngineMaterials/FlattenMaterial_WS_Normal_VT.uexp" 438
"../../../Engine/Content/EngineMaterials/GizmoMaterial.uasset" 439
"../../../Engine/Content/EngineMaterials/GizmoMaterial.uexp" 440
"../../../Engine/Content/EngineMaterials/InvalidLightmapSettings.ubulk" 441
"../../../Engine/Content/EngineMaterials/InvalidLightmapSettings.uasset" 442
"../../../Engine/Content/EngineMaterials/InvalidLightmapSettings.uexp" 443
"../../../Engine/Content/EngineMaterials/M_InvalidLightmapSettings.uasset" 444
"../../../Engine/Content/EngineMaterials/M_InvalidLightmapSettings.uexp" 445
"../../../Engine/Content/EngineMaterials/NaniteHiddenSectionMaterial.uasset" 446
"../../../Engine/Content/EngineMaterials/NaniteHiddenSectionMaterial.uexp" 447
"../../../Engine/Content/Functions/Engine_MaterialFunctions02/WorldPositionOffset/CameraOffset.uasset" 448
"../../../Engine/Content/Functions/Engine_MaterialFunctions02/WorldPositionOffset/CameraOffset.uexp" 449
"../../../Engine/Content/EngineMaterials/PhAT_JointLimitMaterial.uasset" 450
"../../../Engine/Content/EngineMaterials/PhAT_JointLimitMaterial.uexp" 451
"../../../Engine/Content/EngineMaterials/DefaultCalibrationColor.uasset" 452
"../../../Engine/Content/EngineMaterials/DefaultCalibrationColor.uexp" 453
"../../../Engine/Content/EngineMaterials/PPM_DefaultCalibrationColor.uasset" 454
"../../../Engine/Content/EngineMaterials/PPM_DefaultCalibrationColor.uexp" 455
"../../../Engine/Content/EngineMaterials/DefaultCalibrationGrayscale.uasset" 456
"../../../Engine/Content/EngineMaterials/DefaultCalibrationGrayscale.uexp" 457
"../../../Engine/Content/EngineMaterials/PPM_DefaultCalibrationGrayscale.uasset" 458
"../../../Engine/Content/EngineMaterials/PPM_DefaultCalibrationGrayscale.uexp" 459
"../../../Engine/Content/EngineMaterials/RemoveSurfaceMaterial.uasset" 460
"../../../Engine/Content/EngineMaterials/RemoveSurfaceMaterial.uexp" 461
"../../../Engine/Plugins/Animation/ControlRig/Content/Controls/ControlRigGizmoMaterial.uasset" 462
"../../../Engine/Plugins/Animation/ControlRig/Content/Controls/ControlRigGizmoMaterial.uexp" 463
"../../../Engine/Plugins/Animation/ControlRig/Content/Controls/ControlRigXRayMaterial.uasset" 464
"../../../Engine/Plugins/Animation/ControlRig/Content/Controls/ControlRigXRayMaterial.uexp" 465
"../../../Engine/Plugins/Editor/SpeedTreeImporter/Content/SpeedTree9/game_wind_noise.ubulk" 466
"../../../Engine/Plugins/Editor/SpeedTreeImporter/Content/SpeedTree9/game_wind_noise.uasset" 467
"../../../Engine/Plugins/Editor/SpeedTreeImporter/Content/SpeedTree9/game_wind_noise.uexp" 468
"../../../Engine/Plugins/Editor/SpeedTreeImporter/Content/SpeedTree9/UnpackDirection.uasset" 469
"../../../Engine/Plugins/Editor/SpeedTreeImporter/Content/SpeedTree9/UnpackDirection.uexp" 470
"../../../Engine/Content/Functions/Engine_MaterialFunctions02/ObjectLocalBounds.uasset" 471
"../../../Engine/Content/Functions/Engine_MaterialFunctions02/ObjectLocalBounds.uexp" 472
"../../../Engine/Content/Functions/Engine_MaterialFunctions02/Utility/BreakOutFloat3Components.uasset" 473
"../../../Engine/Content/Functions/Engine_MaterialFunctions02/Utility/BreakOutFloat3Components.uexp" 474
"../../../Engine/Content/Functions/Engine_MaterialFunctions02/UVs/BoundingBoxBased_0-1_UVW.uasset" 475
"../../../Engine/Content/Functions/Engine_MaterialFunctions02/UVs/BoundingBoxBased_0-1_UVW.uexp" 476
"../../../Engine/Plugins/Editor/SpeedTreeImporter/Content/SpeedTree9/SpeedTreeBillboard.uasset" 477
"../../../Engine/Plugins/Editor/SpeedTreeImporter/Content/SpeedTree9/SpeedTreeBillboard.uexp" 478
"../../../Engine/Content/Functions/Engine_MaterialFunctions02/Utility/VectorLength.uasset" 479
"../../../Engine/Content/Functions/Engine_MaterialFunctions02/Utility/VectorLength.uexp" 480
"../../../Engine/Plugins/Editor/SpeedTreeImporter/Content/SpeedTree9/UnpackInteger3.uasset" 481
"../../../Engine/Plugins/Editor/SpeedTreeImporter/Content/SpeedTree9/UnpackInteger3.uexp" 482
"../../../Engine/Content/Functions/Engine_MaterialFunctions02/WorldPositionOffset/ObjectScale.uasset" 483
"../../../Engine/Content/Functions/Engine_MaterialFunctions02/WorldPositionOffset/ObjectScale.uexp" 484
"../../../Engine/Content/Functions/Engine_MaterialFunctions02/SafeNormalize.uasset" 485
"../../../Engine/Content/Functions/Engine_MaterialFunctions02/SafeNormalize.uexp" 486
"../../../Engine/Plugins/Editor/SpeedTreeImporter/Content/SpeedTree9/SpeedTreeWindMotion.uasset" 487
"../../../Engine/Plugins/Editor/SpeedTreeImporter/Content/SpeedTree9/SpeedTreeWindMotion.uexp" 488
"../../../Engine/Plugins/Editor/SpeedTreeImporter/Content/SpeedTree9/SpeedTreeBranchMotion.uasset" 489
"../../../Engine/Plugins/Editor/SpeedTreeImporter/Content/SpeedTree9/SpeedTreeBranchMotion.uexp" 490
"../../../Engine/Plugins/Editor/SpeedTreeImporter/Content/SpeedTree9/SpeedTreeWind.uasset" 491
"../../../Engine/Plugins/Editor/SpeedTreeImporter/Content/SpeedTree9/SpeedTreeWind.uexp" 492
"../../../Engine/Plugins/Editor/SpeedTreeImporter/Content/SpeedTree9/EmptyNormal.uasset" 493
"../../../Engine/Plugins/Editor/SpeedTreeImporter/Content/SpeedTree9/EmptyNormal.uexp" 494
"../../../Engine/Plugins/Editor/SpeedTreeImporter/Content/SpeedTree9/Empty.uasset" 495
"../../../Engine/Plugins/Editor/SpeedTreeImporter/Content/SpeedTree9/Empty.uexp" 496
"../../../Engine/Plugins/Editor/SpeedTreeImporter/Content/SpeedTree9/SpeedTreeBillboardMaster.uasset" 497
"../../../Engine/Plugins/Editor/SpeedTreeImporter/Content/SpeedTree9/SpeedTreeBillboardMaster.uexp" 498
"../../../Engine/Plugins/Editor/SpeedTreeImporter/Content/SpeedTree9/SpeedTreeCameraFacing.uasset" 499
"../../../Engine/Plugins/Editor/SpeedTreeImporter/Content/SpeedTree9/SpeedTreeCameraFacing.uexp" 500
"../../../Engine/Plugins/Editor/SpeedTreeImporter/Content/SpeedTree9/SpeedTreeMaster.uasset" 501
"../../../Engine/Plugins/Editor/SpeedTreeImporter/Content/SpeedTree9/SpeedTreeMaster.uexp" 502
"../../../Engine/Plugins/Interchange/Assets/Content/Functions/MX_AbsorptionVDF.uasset" 503
"../../../Engine/Plugins/Interchange/Assets/Content/Functions/MX_AbsorptionVDF.uexp" 504
"../../../Engine/Plugins/Interchange/Assets/Content/Functions/MX_AnisotropicVDF.uasset" 505
"../../../Engine/Plugins/Interchange/Assets/Content/Functions/MX_AnisotropicVDF.uexp" 506
"../../../Engine/Plugins/Interchange/Assets/Content/Functions/MX_BurleyDiffuseBSDF.uasset" 507
"../../../Engine/Plugins/Interchange/Assets/Content/Functions/MX_BurleyDiffuseBSDF.uexp" 508
"../../../Engine/Plugins/Interchange/Assets/Content/Functions/MX_ConductorBSDF.uasset" 509
"../../../Engine/Plugins/Interchange/Assets/Content/Functions/MX_ConductorBSDF.uexp" 510
"../../../Engine/Plugins/Interchange/Assets/Content/Functions/MX_ConicalEDF.uasset" 511
"../../../Engine/Plugins/Interchange/Assets/Content/Functions/MX_ConicalEDF.uexp" 512
"../../../Engine/Plugins/Interchange/Assets/Content/Functions/MX_DielectricBSDF.uasset" 513
"../../../Engine/Plugins/Interchange/Assets/Content/Functions/MX_DielectricBSDF.uexp" 514
"../../../Engine/Plugins/Interchange/Assets/Content/Functions/MX_GeneralizedSchlickBSDF.uasset" 515
"../../../Engine/Plugins/Interchange/Assets/Content/Functions/MX_GeneralizedSchlickBSDF.uexp" 516
"../../../Engine/Plugins/Interchange/Assets/Content/Functions/MX_MeasuredEDF.uasset" 517
"../../../Engine/Plugins/Interchange/Assets/Content/Functions/MX_MeasuredEDF.uexp" 518
"../../../Engine/Plugins/Interchange/Assets/Content/Utilities/New_LUT.uasset" 519
"../../../Engine/Plugins/Interchange/Assets/Content/Utilities/New_LUT.uexp" 520
"../../../Engine/Content/Functions/Engine_MaterialFunctions03/Math/RemapValueRange.uasset" 521
"../../../Engine/Content/Functions/Engine_MaterialFunctions03/Math/RemapValueRange.uexp" 522
"../../../Engine/Plugins/Interchange/Assets/Content/Functions/MF_Iridescence.uasset" 523
"../../../Engine/Plugins/Interchange/Assets/Content/Functions/MF_Iridescence.uexp" 524
"../../../Engine/Plugins/Interchange/Assets/Content/Functions/MX_StandardSurface.uasset" 525
"../../../Engine/Plugins/Interchange/Assets/Content/Functions/MX_StandardSurface.uexp" 526
"../../../Engine/Plugins/Interchange/Assets/Content/Functions/MX_OpenPBR_Opaque.uasset" 527
"../../../Engine/Plugins/Interchange/Assets/Content/Functions/MX_OpenPBR_Opaque.uexp" 528
"../../../Engine/Plugins/Interchange/Assets/Content/Functions/MX_TransmissionSurface.uasset" 529
"../../../Engine/Plugins/Interchange/Assets/Content/Functions/MX_TransmissionSurface.uexp" 530
"../../../Engine/Plugins/Interchange/Assets/Content/Functions/MX_OpenPBR_Translucent.uasset" 531
"../../../Engine/Plugins/Interchange/Assets/Content/Functions/MX_OpenPBR_Translucent.uexp" 532
"../../../Engine/Plugins/Interchange/Assets/Content/Functions/MX_OrenNayarBSDF.uasset" 533
"../../../Engine/Plugins/Interchange/Assets/Content/Functions/MX_OrenNayarBSDF.uexp" 534
"../../../Engine/Plugins/Interchange/Assets/Content/Functions/MX_SheenBSDF.uasset" 535
"../../../Engine/Plugins/Interchange/Assets/Content/Functions/MX_SheenBSDF.uexp" 536
"../../../Engine/Plugins/Interchange/Assets/Content/Functions/MX_SubsurfaceBSDF.uasset" 537
"../../../Engine/Plugins/Interchange/Assets/Content/Functions/MX_SubsurfaceBSDF.uexp" 538
"../../../Engine/Plugins/Interchange/Assets/Content/Functions/MX_Surface.uasset" 539
"../../../Engine/Plugins/Interchange/Assets/Content/Functions/MX_Surface.uexp" 540
"../../../Engine/Plugins/Interchange/Assets/Content/Functions/MX_SurfaceUnlit.uasset" 541
"../../../Engine/Plugins/Interchange/Assets/Content/Functions/MX_SurfaceUnlit.uexp" 542
"../../../Engine/Plugins/Interchange/Assets/Content/Functions/MX_ThinFilmBSDF.uasset" 543
"../../../Engine/Plugins/Interchange/Assets/Content/Functions/MX_ThinFilmBSDF.uexp" 544
"../../../Engine/Plugins/Interchange/Assets/Content/Functions/MX_TranslucentBSDF.uasset" 545
"../../../Engine/Plugins/Interchange/Assets/Content/Functions/MX_TranslucentBSDF.uexp" 546
"../../../Engine/Plugins/Interchange/Assets/Content/Functions/MX_UniformEDF.uasset" 547
"../../../Engine/Plugins/Interchange/Assets/Content/Functions/MX_UniformEDF.uexp" 548
"../../../Engine/Plugins/Interchange/Assets/Content/Functions/MX_UsdPreviewSurface.uasset" 549
"../../../Engine/Plugins/Interchange/Assets/Content/Functions/MX_UsdPreviewSurface.uexp" 550
"../../../Engine/Plugins/Runtime/HairStrands/Content/Materials/HairCardsDefaultMaterial.uasset" 551
"../../../Engine/Plugins/Runtime/HairStrands/Content/Materials/HairCardsDefaultMaterial.uexp" 552
"../../../Engine/Plugins/Runtime/HairStrands/Content/Materials/HairGroupColors.uasset" 553
"../../../Engine/Plugins/Runtime/HairStrands/Content/Materials/HairGroupColors.uexp" 554
"../../../Engine/Content/Functions/Engine_MaterialFunctions02/Utility/MakeFloat2.uasset" 555
"../../../Engine/Content/Functions/Engine_MaterialFunctions02/Utility/MakeFloat2.uexp" 556
"../../../Engine/Content/Functions/Engine_MaterialFunctions02/Utility/MakeFloat3.uasset" 557
"../../../Engine/Content/Functions/Engine_MaterialFunctions02/Utility/MakeFloat3.uexp" 558
"../../../Engine/Content/EngineMaterials/HairColorMap.uasset" 559
"../../../Engine/Content/EngineMaterials/HairColorMap.uexp" 560
"../../../Engine/Content/EngineMaterials/HairDebugColor.uasset" 561
"../../../Engine/Content/EngineMaterials/HairDebugColor.uexp" 562
"../../../Engine/Plugins/Runtime/HairStrands/Content/Materials/HairDebugMaterial.uasset" 563
"../../../Engine/Plugins/Runtime/HairStrands/Content/Materials/HairDebugMaterial.uexp" 564
"../../../Engine/Plugins/Runtime/HairStrands/Content/Materials/HairDefaultMaterial.uasset" 565
"../../../Engine/Plugins/Runtime/HairStrands/Content/Materials/HairDefaultMaterial.uexp" 566
"../../../Engine/Plugins/Runtime/HairStrands/Content/Materials/HairMeshesDefaultMaterial.uasset" 567
"../../../Engine/Plugins/Runtime/HairStrands/Content/Materials/HairMeshesDefaultMaterial.uexp" 568
"../../../Engine/Plugins/Runtime/MeshModelingToolset/Content/Materials/M_DynamicMeshComponentVtxColor.uasset" 569
"../../../Engine/Plugins/Runtime/MeshModelingToolset/Content/Materials/M_DynamicMeshComponentVtxColor.uexp" 570
"../../../Engine/Plugins/Animation/ControlRig/Content/M_Manip.uasset" 571
"../../../Engine/Plugins/Animation/ControlRig/Content/M_Manip.uexp" 572
"../../../Engine/Content/EngineMaterials/WeightMapPlaceholderTexture.uasset" 573
"../../../Engine/Content/EngineMaterials/WeightMapPlaceholderTexture.uexp" 574
"../../../Engine/Content/EngineMaterials/WeightMapArrayPlaceholderTexture.uasset" 575
"../../../Engine/Content/EngineMaterials/WeightMapArrayPlaceholderTexture.uexp" 576
"../../../Engine/Content/EngineMaterials/Substrate/GLints2/AGlintTex2dArray2.uasset" 577
"../../../Engine/Content/EngineMaterials/Substrate/GLints2/AGlintTex2dArray2.uexp" 578
"../../../Engine/Content/EngineMaterials/Substrate/GLints/AGlintTex2dArray.uasset" 579
"../../../Engine/Content/EngineMaterials/Substrate/GLints/AGlintTex2dArray.uexp" 580
"../../../Engine/Plugins/NNE/NNEDenoiser/Content/NNEDIM_ColorAlbedoNormal_Alpha.uasset" 581
"../../../Engine/Plugins/NNE/NNEDenoiser/Content/NNEDIM_ColorAlbedoNormal_Alpha.uexp" 582
"../../../Engine/Plugins/NNE/NNEDenoiser/Content/NNEDIM_ColorAlbedoNormal_Default.uasset" 583
"../../../Engine/Plugins/NNE/NNEDenoiser/Content/NNEDIM_ColorAlbedoNormal_Default.uexp" 584
"../../../Engine/Plugins/NNE/NNEDenoiser/Content/NNEDIM_HighQuality_Alpha.uasset" 585
"../../../Engine/Plugins/NNE/NNEDenoiser/Content/NNEDIM_HighQuality_Alpha.uexp" 586
"../../../Engine/Plugins/NNE/NNEDenoiser/Content/NNEDIM_HighQuality_Default.uasset" 587
"../../../Engine/Plugins/NNE/NNEDenoiser/Content/NNEDIM_HighQuality_Default.uexp" 588
"../../../Engine/Plugins/NNE/NNEDenoiser/Content/NNEDOM_Output_Alpha.uasset" 589
"../../../Engine/Plugins/NNE/NNEDenoiser/Content/NNEDOM_Output_Alpha.uexp" 590
"../../../Engine/Plugins/NNE/NNEDenoiser/Content/NNEDOM_Output_Default.uasset" 591
"../../../Engine/Plugins/NNE/NNEDenoiser/Content/NNEDOM_Output_Default.uexp" 592
"../../../Engine/Plugins/NNE/NNEDenoiser/Content/NNEDTIM_ColorAlbedoNormal_Alpha.uasset" 593
"../../../Engine/Plugins/NNE/NNEDenoiser/Content/NNEDTIM_ColorAlbedoNormal_Alpha.uexp" 594
"../../../Engine/Plugins/NNE/NNEDenoiser/Content/NNEDTIM_ColorAlbedoNormal_Default.uasset" 595
"../../../Engine/Plugins/NNE/NNEDenoiser/Content/NNEDTIM_ColorAlbedoNormal_Default.uexp" 596
"../../../Engine/Plugins/NNE/NNEDenoiser/Content/NNEDTOM_Output_Alpha.uasset" 597
"../../../Engine/Plugins/NNE/NNEDenoiser/Content/NNEDTOM_Output_Alpha.uexp" 598
"../../../Engine/Plugins/NNE/NNEDenoiser/Content/NNEDTOM_Output_Default.uasset" 599
"../../../Engine/Plugins/NNE/NNEDenoiser/Content/NNEDTOM_Output_Default.uexp" 600
"../../../Engine/Content/EngineMeshes/Sphere.ubulk" 601
"../../../Engine/Content/EngineMeshes/Sphere.uasset" 602
"../../../Engine/Content/EngineMeshes/Sphere.uexp" 603
"../../../Engine/Content/EngineMaterials/T_Default_Material_Grid_M.ubulk" 604
"../../../Engine/Content/EngineMaterials/T_Default_Material_Grid_M.uasset" 605
"../../../Engine/Content/EngineMaterials/T_Default_Material_Grid_M.uexp" 606
"../../../Engine/Content/EngineMaterials/T_Default_Material_Grid_N.ubulk" 607
"../../../Engine/Content/EngineMaterials/T_Default_Material_Grid_N.uasset" 608
"../../../Engine/Content/EngineMaterials/T_Default_Material_Grid_N.uexp" 609
"../../../Engine/Content/Functions/Engine_MaterialFunctions01/Opacity/CameraDepthFade.uasset" 610
"../../../Engine/Content/Functions/Engine_MaterialFunctions01/Opacity/CameraDepthFade.uexp" 611
"../../../Engine/Content/EngineMaterials/WorldGridMaterial.uasset" 612
"../../../Engine/Content/EngineMaterials/WorldGridMaterial.uexp" 613
"../../../Engine/Content/ArtTools/RenderToTexture/Meshes/S_1_Unit_Plane.ubulk" 614
"../../../Engine/Content/ArtTools/RenderToTexture/Meshes/S_1_Unit_Plane.uasset" 615
"../../../Engine/Content/ArtTools/RenderToTexture/Meshes/S_1_Unit_Plane.uexp" 616
"../../../Engine/Content/EditorMaterials/Camera/CineMat.uasset" 617
"../../../Engine/Content/EditorMaterials/Camera/CineMat.uexp" 618
"../../../Engine/Content/EditorMaterials/Camera/MI_CineMat_Rig.uasset" 619
"../../../Engine/Content/EditorMaterials/Camera/MI_CineMat_Rig.uexp" 620
"../../../Engine/Content/EditorMeshes/Camera/SM_CraneRig_Arm.ubulk" 621
"../../../Engine/Content/EditorMeshes/Camera/SM_CraneRig_Arm.uasset" 622
"../../../Engine/Content/EditorMeshes/Camera/SM_CraneRig_Arm.uexp" 623
"../../../Engine/Content/EditorMeshes/Camera/SM_CraneRig_Base.ubulk" 624
"../../../Engine/Content/EditorMeshes/Camera/SM_CraneRig_Base.uasset" 625
"../../../Engine/Content/EditorMeshes/Camera/SM_CraneRig_Base.uexp" 626
"../../../Engine/Content/EditorMeshes/Camera/SM_CraneRig_Body.ubulk" 627
"../../../Engine/Content/EditorMeshes/Camera/SM_CraneRig_Body.uasset" 628
"../../../Engine/Content/EditorMeshes/Camera/SM_CraneRig_Body.uexp" 629
"../../../Engine/Content/EditorMeshes/Camera/SM_CraneRig_Mount.ubulk" 630
"../../../Engine/Content/EditorMeshes/Camera/SM_CraneRig_Mount.uasset" 631
"../../../Engine/Content/EditorMeshes/Camera/SM_CraneRig_Mount.uexp" 632
"../../../Engine/Content/EditorMeshes/Camera/SM_RailRig_Mount.ubulk" 633
"../../../Engine/Content/EditorMeshes/Camera/SM_RailRig_Mount.uasset" 634
"../../../Engine/Content/EditorMeshes/Camera/SM_RailRig_Mount.uexp" 635
"../../../Engine/Content/EditorMeshes/Camera/SM_RailRig_Track.ubulk" 636
"../../../Engine/Content/EditorMeshes/Camera/SM_RailRig_Track.uasset" 637
"../../../Engine/Content/EditorMeshes/Camera/SM_RailRig_Track.uexp" 638
"../../../Engine/Content/EngineSky/VolumetricClouds/T_CloudMask.ubulk" 639
"../../../Engine/Content/EngineSky/VolumetricClouds/T_CloudMask.uasset" 640
"../../../Engine/Content/EngineSky/VolumetricClouds/T_CloudMask.uexp" 641
"../../../Engine/Content/EngineSky/VolumetricClouds/VT_Lightning.uasset" 642
"../../../Engine/Content/EngineSky/VolumetricClouds/VT_Lightning.uexp" 643
"../../../Engine/Content/EngineSky/VolumetricClouds/T_Profile_08.ubulk" 644
"../../../Engine/Content/EngineSky/VolumetricClouds/T_Profile_08.uasset" 645
"../../../Engine/Content/EngineSky/VolumetricClouds/T_Profile_08.uexp" 646
"../../../Engine/Content/Functions/Engine_MaterialFunctions02/Utility/MakeFloat4.uasset" 647
"../../../Engine/Content/Functions/Engine_MaterialFunctions02/Utility/MakeFloat4.uexp" 648
"../../../Engine/Content/Functions/Engine_MaterialFunctions01/Units/Km-to-Cm.uasset" 649
"../../../Engine/Content/Functions/Engine_MaterialFunctions01/Units/Km-to-Cm.uexp" 650
"../../../Engine/Content/Functions/Engine_MaterialFunctions02/Utility/BreakOutFloat4Components.uasset" 651
"../../../Engine/Content/Functions/Engine_MaterialFunctions02/Utility/BreakOutFloat4Components.uexp" 652
"../../../Engine/Content/EngineSky/VolumetricClouds/T_CloudPattern.ubulk" 653
"../../../Engine/Content/EngineSky/VolumetricClouds/T_CloudPattern.uasset" 654
"../../../Engine/Content/EngineSky/VolumetricClouds/T_CloudPattern.uexp" 655
"../../../Engine/Content/EngineSky/VolumetricClouds/VT_PerlinWorley_Balanced.uasset" 656
"../../../Engine/Content/EngineSky/VolumetricClouds/VT_PerlinWorley_Balanced.uexp" 657
"../../../Engine/Content/EngineSky/VolumetricClouds/m_SimpleVolumetricCloud.uasset" 658
"../../../Engine/Content/EngineSky/VolumetricClouds/m_SimpleVolumetricCloud.uexp" 659
"../../../Engine/Content/EngineSky/VolumetricClouds/m_SimpleVolumetricCloud_Inst.uasset" 660
"../../../Engine/Content/EngineSky/VolumetricClouds/m_SimpleVolumetricCloud_Inst.uexp" 661
"../../../Engine/Content/VREditor/LaserPointer/VR_LaserPower_01.ubulk" 662
"../../../Engine/Content/VREditor/LaserPointer/VR_LaserPower_01.uasset" 663
"../../../Engine/Content/VREditor/LaserPointer/VR_LaserPower_01.uexp" 664
"../../../Engine/Content/VREditor/TransformGizmo/TransformGizmoMaterial.uasset" 665
"../../../Engine/Content/VREditor/TransformGizmo/TransformGizmoMaterial.uexp" 666
"../../../Engine/Content/VREditor/TransformGizmo/TranslucentTransformGizmoMaterial.uasset" 667
"../../../Engine/Content/VREditor/TransformGizmo/TranslucentTransformGizmoMaterial.uexp" 668
"../../../Engine/Content/VREditor/TransformGizmo/BoundingBoxCorner.ubulk" 669
"../../../Engine/Content/VREditor/TransformGizmo/BoundingBoxCorner.uasset" 670
"../../../Engine/Content/VREditor/TransformGizmo/BoundingBoxCorner.uexp" 671
"../../../Engine/Content/VREditor/TransformGizmo/BoundingBoxEdge.ubulk" 672
"../../../Engine/Content/VREditor/TransformGizmo/BoundingBoxEdge.uasset" 673
"../../../Engine/Content/VREditor/TransformGizmo/BoundingBoxEdge.uexp" 674
"../../../Engine/Content/VREditor/TransformGizmo/Main.uasset" 675
"../../../Engine/Content/VREditor/TransformGizmo/Main.uexp" 676
"../../../Engine/Content/VREditor/TransformGizmo/Xray.uasset" 677
"../../../Engine/Content/VREditor/TransformGizmo/Xray.uexp" 678
"../../../Engine/Content/VREditor/TransformGizmo/SM_Sequencer_Node.ubulk" 679
"../../../Engine/Content/VREditor/TransformGizmo/SM_Sequencer_Node.uasset" 680
"../../../Engine/Content/VREditor/TransformGizmo/SM_Sequencer_Node.uexp" 681
"../../../Engine/Content/Functions/Engine_MaterialFunctions02/Math/Transform3x3Matrix.uasset" 682
"../../../Engine/Content/Functions/Engine_MaterialFunctions02/Math/Transform3x3Matrix.uexp" 683
"../../../Engine/Plugins/Interchange/Assets/Content/gltf/Textures/T_White_srgb.uasset" 684
"../../../Engine/Plugins/Interchange/Assets/Content/gltf/Textures/T_White_srgb.uexp" 685
"../../../Engine/Plugins/Interchange/Assets/Content/gltf/MaterialFunctions/MF_Specular.uasset" 686
"../../../Engine/Plugins/Interchange/Assets/Content/gltf/MaterialFunctions/MF_Specular.uexp" 687
"../../../Engine/Plugins/Interchange/Assets/Content/gltf/Textures/T_Anisotropy_Direction_Linear.uasset" 688
"../../../Engine/Plugins/Interchange/Assets/Content/gltf/Textures/T_Anisotropy_Direction_Linear.uexp" 689
"../../../Engine/Plugins/Interchange/Assets/Content/gltf/MaterialFunctions/MF_SpecularAnisotropy.uasset" 690
"../../../Engine/Plugins/Interchange/Assets/Content/gltf/MaterialFunctions/MF_SpecularAnisotropy.uexp" 691
"../../../Engine/Plugins/Interchange/Assets/Content/gltf/Textures/T_White_Linear.uasset" 692
"../../../Engine/Plugins/Interchange/Assets/Content/gltf/Textures/T_White_Linear.uexp" 693
"../../../Engine/Plugins/Interchange/Assets/Content/gltf/MaterialFunctions/MF_MetallicRoughness.uasset" 694
"../../../Engine/Plugins/Interchange/Assets/Content/gltf/MaterialFunctions/MF_MetallicRoughness.uexp" 695
"../../../Engine/Plugins/Interchange/Assets/Content/gltf/Textures/T_Generic_N.uasset" 696
"../../../Engine/Plugins/Interchange/Assets/Content/gltf/Textures/T_Generic_N.uexp" 697
"../../../Engine/Plugins/Interchange/Assets/Content/gltf/MaterialFunctions/MF_ScaleNormal.uasset" 698
"../../../Engine/Plugins/Interchange/Assets/Content/gltf/MaterialFunctions/MF_ScaleNormal.uexp" 699
"../../../Engine/Plugins/Interchange/Assets/Content/gltf/MaterialFunctions/MF_BaseColor.uasset" 700
"../../../Engine/Plugins/Interchange/Assets/Content/gltf/MaterialFunctions/MF_BaseColor.uexp" 701
"../../../Engine/Plugins/Interchange/Assets/Content/gltf/MaterialFunctions/MF_Iridescence.uasset" 702
"../../../Engine/Plugins/Interchange/Assets/Content/gltf/MaterialFunctions/MF_Iridescence.uexp" 703
"../../../Engine/Plugins/Interchange/Assets/Content/gltf/MaterialFunctions/MF_Occlusion.uasset" 704
"../../../Engine/Plugins/Interchange/Assets/Content/gltf/MaterialFunctions/MF_Occlusion.uexp" 705
"../../../Engine/Plugins/Interchange/Assets/Content/gltf/MaterialFunctions/MF_IOR.uasset" 706
"../../../Engine/Plugins/Interchange/Assets/Content/gltf/MaterialFunctions/MF_IOR.uexp" 707
"../../../Engine/Plugins/Interchange/Assets/Content/gltf/MaterialFunctions/MF_RotateV2.uasset" 708
"../../../Engine/Plugins/Interchange/Assets/Content/gltf/MaterialFunctions/MF_RotateV2.uexp" 709
"../../../Engine/Plugins/Interchange/Assets/Content/gltf/MaterialFunctions/MF_TransformUVs.uasset" 710
"../../../Engine/Plugins/Interchange/Assets/Content/gltf/MaterialFunctions/MF_TransformUVs.uexp" 711
"../../../Engine/Plugins/Interchange/Assets/Content/gltf/MaterialFunctions/MF_Emissive.uasset" 712
"../../../Engine/Plugins/Interchange/Assets/Content/gltf/MaterialFunctions/MF_Emissive.uexp" 713
"../../../Engine/Plugins/Interchange/Assets/Content/gltf/MaterialFunctions/MF_RotateNormals_TS.uasset" 714
"../../../Engine/Plugins/Interchange/Assets/Content/gltf/MaterialFunctions/MF_RotateNormals_TS.uexp" 715
"../../../Engine/Plugins/Interchange/Assets/Content/gltf/MaterialFunctions/MF_Normals.uasset" 716
"../../../Engine/Plugins/Interchange/Assets/Content/gltf/MaterialFunctions/MF_Normals.uexp" 717
"../../../Engine/Content/Functions/Engine_MaterialFunctions01/Texturing/FlattenNormal.uasset" 718
"../../../Engine/Content/Functions/Engine_MaterialFunctions01/Texturing/FlattenNormal.uexp" 719
"../../../Engine/Plugins/Interchange/Assets/Content/gltf/MaterialFunctions/MF_Clearcoat.uasset" 720
"../../../Engine/Plugins/Interchange/Assets/Content/gltf/MaterialFunctions/MF_Clearcoat.uexp" 721
"../../../Engine/Plugins/Interchange/Assets/Content/gltf/MaterialBodies/MF_ClearCoat_Body.uasset" 722
"../../../Engine/Plugins/Interchange/Assets/Content/gltf/MaterialBodies/MF_ClearCoat_Body.uexp" 723
"../../../Engine/Plugins/Interchange/Assets/Content/gltf/M_ClearCoat.uasset" 724
"../../../Engine/Plugins/Interchange/Assets/Content/gltf/M_ClearCoat.uexp" 725
"../../../Engine/Plugins/Interchange/Assets/Content/gltf/MaterialInstances/MI_ClearCoat_Blend.uasset" 726
"../../../Engine/Plugins/Interchange/Assets/Content/gltf/MaterialInstances/MI_ClearCoat_Blend.uexp" 727
"../../../Engine/Plugins/Interchange/Assets/Content/gltf/MaterialInstances/MI_ClearCoat_Blend_DS.uasset" 728
"../../../Engine/Plugins/Interchange/Assets/Content/gltf/MaterialInstances/MI_ClearCoat_Blend_DS.uexp" 729
"../../../Engine/Plugins/Interchange/Assets/Content/gltf/MaterialInstances/MI_ClearCoat_Mask.uasset" 730
"../../../Engine/Plugins/Interchange/Assets/Content/gltf/MaterialInstances/MI_ClearCoat_Mask.uexp" 731
"../../../Engine/Plugins/Interchange/Assets/Content/gltf/MaterialInstances/MI_ClearCoat_Mask_DS.uasset" 732
"../../../Engine/Plugins/Interchange/Assets/Content/gltf/MaterialInstances/MI_ClearCoat_Mask_DS.uexp" 733
"../../../Engine/Plugins/Interchange/Assets/Content/gltf/MaterialInstances/MI_ClearCoat_Opaque.uasset" 734
"../../../Engine/Plugins/Interchange/Assets/Content/gltf/MaterialInstances/MI_ClearCoat_Opaque.uexp" 735
"../../../Engine/Plugins/Interchange/Assets/Content/gltf/MaterialInstances/MI_ClearCoat_Opaque_DS.uasset" 736
"../../../Engine/Plugins/Interchange/Assets/Content/gltf/MaterialInstances/MI_ClearCoat_Opaque_DS.uexp" 737
"../../../Engine/Plugins/Interchange/Assets/Content/gltf/MaterialBodies/MF_Default_Body.uasset" 738
"../../../Engine/Plugins/Interchange/Assets/Content/gltf/MaterialBodies/MF_Default_Body.uexp" 739
"../../../Engine/Plugins/Interchange/Assets/Content/gltf/M_Default.uasset" 740
"../../../Engine/Plugins/Interchange/Assets/Content/gltf/M_Default.uexp" 741
"../../../Engine/Plugins/Interchange/Assets/Content/gltf/MaterialInstances/MI_Default_Blend.uasset" 742
"../../../Engine/Plugins/Interchange/Assets/Content/gltf/MaterialInstances/MI_Default_Blend.uexp" 743
"../../../Engine/Plugins/Interchange/Assets/Content/gltf/MaterialInstances/MI_Default_Mask.uasset" 744
"../../../Engine/Plugins/Interchange/Assets/Content/gltf/MaterialInstances/MI_Default_Mask.uexp" 745
"../../../Engine/Plugins/Interchange/Assets/Content/gltf/MaterialInstances/MI_Default_Mask_DS.uasset" 746
"../../../Engine/Plugins/Interchange/Assets/Content/gltf/MaterialInstances/MI_Default_Mask_DS.uexp" 747
"../../../Engine/Plugins/Interchange/Assets/Content/gltf/MaterialInstances/MI_Default_Opaque.uasset" 748
"../../../Engine/Plugins/Interchange/Assets/Content/gltf/MaterialInstances/MI_Default_Opaque.uexp" 749
"../../../Engine/Plugins/Interchange/Assets/Content/gltf/MaterialFunctions/MF_Sheen.uasset" 750
"../../../Engine/Plugins/Interchange/Assets/Content/gltf/MaterialFunctions/MF_Sheen.uexp" 751
"../../../Engine/Plugins/Interchange/Assets/Content/gltf/MaterialBodies/MF_Sheen_Body.uasset" 752
"../../../Engine/Plugins/Interchange/Assets/Content/gltf/MaterialBodies/MF_Sheen_Body.uexp" 753
"../../../Engine/Plugins/Interchange/Assets/Content/gltf/M_Sheen.uasset" 754
"../../../Engine/Plugins/Interchange/Assets/Content/gltf/M_Sheen.uexp" 755
"../../../Engine/Plugins/Interchange/Assets/Content/gltf/MaterialInstances/MI_Sheen_Blend.uasset" 756
"../../../Engine/Plugins/Interchange/Assets/Content/gltf/MaterialInstances/MI_Sheen_Blend.uexp" 757
"../../../Engine/Plugins/Interchange/Assets/Content/gltf/MaterialInstances/MI_Sheen_Blend_DS.uasset" 758
"../../../Engine/Plugins/Interchange/Assets/Content/gltf/MaterialInstances/MI_Sheen_Blend_DS.uexp" 759
"../../../Engine/Plugins/Interchange/Assets/Content/gltf/MaterialInstances/MI_Sheen_Mask.uasset" 760
"../../../Engine/Plugins/Interchange/Assets/Content/gltf/MaterialInstances/MI_Sheen_Mask.uexp" 761
"../../../Engine/Plugins/Interchange/Assets/Content/gltf/MaterialInstances/MI_Sheen_Mask_DS.uasset" 762
"../../../Engine/Plugins/Interchange/Assets/Content/gltf/MaterialInstances/MI_Sheen_Mask_DS.uexp" 763
"../../../Engine/Plugins/Interchange/Assets/Content/gltf/MaterialInstances/MI_Sheen_Opaque.uasset" 764
"../../../Engine/Plugins/Interchange/Assets/Content/gltf/MaterialInstances/MI_Sheen_Opaque.uexp" 765
"../../../Engine/Plugins/Interchange/Assets/Content/gltf/MaterialInstances/MI_Sheen_Opaque_DS.uasset" 766
"../../../Engine/Plugins/Interchange/Assets/Content/gltf/MaterialInstances/MI_Sheen_Opaque_DS.uexp" 767
"../../../Engine/Content/Functions/Engine_MaterialFunctions02/Math/AddComponents.uasset" 768
"../../../Engine/Content/Functions/Engine_MaterialFunctions02/Math/AddComponents.uexp" 769
"../../../Engine/Plugins/Interchange/Assets/Content/gltf/MaterialFunctions/MF_DiffuseSpecGloss.uasset" 770
"../../../Engine/Plugins/Interchange/Assets/Content/gltf/MaterialFunctions/MF_DiffuseSpecGloss.uexp" 771
"../../../Engine/Plugins/Interchange/Assets/Content/gltf/MaterialFunctions/MF_PerceivedBrightness.uasset" 772
"../../../Engine/Plugins/Interchange/Assets/Content/gltf/MaterialFunctions/MF_PerceivedBrightness.uexp" 773
"../../../Engine/Plugins/Interchange/Assets/Content/gltf/MaterialFunctions/MF_SpecGlossToMetalRoughness.uasset" 774
"../../../Engine/Plugins/Interchange/Assets/Content/gltf/MaterialFunctions/MF_SpecGlossToMetalRoughness.uexp" 775
"../../../Engine/Plugins/Interchange/Assets/Content/gltf/MaterialFunctions/MF_MaxComponentValue.uasset" 776
"../../../Engine/Plugins/Interchange/Assets/Content/gltf/MaterialFunctions/MF_MaxComponentValue.uexp" 777
"../../../Engine/Plugins/Interchange/Assets/Content/gltf/MaterialBodies/MF_SpecularGlossiness_Body.uasset" 778
"../../../Engine/Plugins/Interchange/Assets/Content/gltf/MaterialBodies/MF_SpecularGlossiness_Body.uexp" 779
"../../../Engine/Plugins/Interchange/Assets/Content/gltf/M_SpecularGlossiness.uasset" 780
"../../../Engine/Plugins/Interchange/Assets/Content/gltf/M_SpecularGlossiness.uexp" 781
"../../../Engine/Plugins/Interchange/Assets/Content/gltf/MaterialInstances/MI_SpecularGlossiness_Blend.uasset" 782
"../../../Engine/Plugins/Interchange/Assets/Content/gltf/MaterialInstances/MI_SpecularGlossiness_Blend.uexp" 783
"../../../Engine/Plugins/Interchange/Assets/Content/gltf/MaterialInstances/MI_SpecularGlossiness_Blend_DS.uasset" 784
"../../../Engine/Plugins/Interchange/Assets/Content/gltf/MaterialInstances/MI_SpecularGlossiness_Blend_DS.uexp" 785
"../../../Engine/Plugins/Interchange/Assets/Content/gltf/MaterialInstances/MI_SpecularGlossiness_Mask.uasset" 786
"../../../Engine/Plugins/Interchange/Assets/Content/gltf/MaterialInstances/MI_SpecularGlossiness_Mask.uexp" 787
"../../../Engine/Plugins/Interchange/Assets/Content/gltf/MaterialInstances/MI_SpecularGlossiness_Mask_DS.uasset" 788
"../../../Engine/Plugins/Interchange/Assets/Content/gltf/MaterialInstances/MI_SpecularGlossiness_Mask_DS.uexp" 789
"../../../Engine/Plugins/Interchange/Assets/Content/gltf/MaterialInstances/MI_SpecularGlossiness_Opaque.uasset" 790
"../../../Engine/Plugins/Interchange/Assets/Content/gltf/MaterialInstances/MI_SpecularGlossiness_Opaque.uexp" 791
"../../../Engine/Plugins/Interchange/Assets/Content/gltf/MaterialInstances/MI_SpecularGlossiness_Opaque_DS.uasset" 792
"../../../Engine/Plugins/Interchange/Assets/Content/gltf/MaterialInstances/MI_SpecularGlossiness_Opaque_DS.uexp" 793
"../../../Engine/Content/EngineMaterials/Good64x64TilingNoiseHighFreq.uasset" 794
"../../../Engine/Content/EngineMaterials/Good64x64TilingNoiseHighFreq.uexp" 795
"../../../Engine/Content/Functions/Engine_MaterialFunctions02/Texturing/ScreenAlignedPixelToPixelUVs.uasset" 796
"../../../Engine/Content/Functions/Engine_MaterialFunctions02/Texturing/ScreenAlignedPixelToPixelUVs.uexp" 797
"../../../Engine/Plugins/Interchange/Assets/Content/gltf/MaterialFunctions/MF_Temporal_Blur.uasset" 798
"../../../Engine/Plugins/Interchange/Assets/Content/gltf/MaterialFunctions/MF_Temporal_Blur.uexp" 799
"../../../Engine/Plugins/Interchange/Assets/Content/gltf/MaterialFunctions/MF_Fresnel_DS.uasset" 800
"../../../Engine/Plugins/Interchange/Assets/Content/gltf/MaterialFunctions/MF_Fresnel_DS.uexp" 801
"../../../Engine/Plugins/Interchange/Assets/Content/gltf/MaterialFunctions/MF_Transmission.uasset" 802
"../../../Engine/Plugins/Interchange/Assets/Content/gltf/MaterialFunctions/MF_Transmission.uexp" 803
"../../../Engine/Plugins/Interchange/Assets/Content/gltf/MaterialBodies/MF_Transmission_Body.uasset" 804
"../../../Engine/Plugins/Interchange/Assets/Content/gltf/MaterialBodies/MF_Transmission_Body.uexp" 805
"../../../Engine/Plugins/Interchange/Assets/Content/gltf/M_Transmission.uasset" 806
"../../../Engine/Plugins/Interchange/Assets/Content/gltf/M_Transmission.uexp" 807
"../../../Engine/Plugins/Interchange/Assets/Content/gltf/MaterialInstances/MI_Transmission.uasset" 808
"../../../Engine/Plugins/Interchange/Assets/Content/gltf/MaterialInstances/MI_Transmission.uexp" 809
"../../../Engine/Plugins/Interchange/Assets/Content/gltf/MaterialInstances/MI_Transmission_DS.uasset" 810
"../../../Engine/Plugins/Interchange/Assets/Content/gltf/MaterialInstances/MI_Transmission_DS.uexp" 811
"../../../Engine/Plugins/Interchange/Assets/Content/gltf/MaterialBodies/MF_Unlit_Body.uasset" 812
"../../../Engine/Plugins/Interchange/Assets/Content/gltf/MaterialBodies/MF_Unlit_Body.uexp" 813
"../../../Engine/Plugins/Interchange/Assets/Content/gltf/M_Unlit.uasset" 814
"../../../Engine/Plugins/Interchange/Assets/Content/gltf/M_Unlit.uexp" 815
"../../../Engine/Plugins/Interchange/Assets/Content/gltf/MaterialInstances/MI_Unlit_Blend.uasset" 816
"../../../Engine/Plugins/Interchange/Assets/Content/gltf/MaterialInstances/MI_Unlit_Blend.uexp" 817
"../../../Engine/Plugins/Interchange/Assets/Content/gltf/MaterialInstances/MI_Unlit_Blend_DS.uasset" 818
"../../../Engine/Plugins/Interchange/Assets/Content/gltf/MaterialInstances/MI_Unlit_Blend_DS.uexp" 819
"../../../Engine/Plugins/Interchange/Assets/Content/gltf/MaterialInstances/MI_Unlit_Mask.uasset" 820
"../../../Engine/Plugins/Interchange/Assets/Content/gltf/MaterialInstances/MI_Unlit_Mask.uexp" 821
"../../../Engine/Plugins/Interchange/Assets/Content/gltf/MaterialInstances/MI_Unlit_Mask_DS.uasset" 822
"../../../Engine/Plugins/Interchange/Assets/Content/gltf/MaterialInstances/MI_Unlit_Mask_DS.uexp" 823
"../../../Engine/Plugins/Interchange/Assets/Content/gltf/MaterialInstances/MI_Unlit_Opaque.uasset" 824
"../../../Engine/Plugins/Interchange/Assets/Content/gltf/MaterialInstances/MI_Unlit_Opaque.uexp" 825
"../../../Engine/Plugins/Interchange/Assets/Content/gltf/MaterialInstances/MI_Unlit_Opaque_DS.uasset" 826
"../../../Engine/Plugins/Interchange/Assets/Content/gltf/MaterialInstances/MI_Unlit_Opaque_DS.uexp" 827
"../../../Engine/Content/EngineMaterials/DefaultMaterial.uasset" 828
"../../../Engine/Content/EngineMaterials/DefaultMaterial.uexp" 829
"../../../Engine/Content/BasicShapes/Cone.ubulk" 830
"../../../Engine/Content/BasicShapes/Cone.uasset" 831
"../../../Engine/Content/BasicShapes/Cone.uexp" 832
"../../../Engine/Content/BasicShapes/Cube.ubulk" 833
"../../../Engine/Content/BasicShapes/Cube.uasset" 834
"../../../Engine/Content/BasicShapes/Cube.uexp" 835
"../../../Engine/Content/BasicShapes/Cylinder.ubulk" 836
"../../../Engine/Content/BasicShapes/Cylinder.uasset" 837
"../../../Engine/Content/BasicShapes/Cylinder.uexp" 838
"../../../Engine/Content/BasicShapes/Plane.ubulk" 839
"../../../Engine/Content/BasicShapes/Plane.uasset" 840
"../../../Engine/Content/BasicShapes/Plane.uexp" 841
"../../../Engine/Content/BasicShapes/Sphere.ubulk" 842
"../../../Engine/Content/BasicShapes/Sphere.uasset" 843
"../../../Engine/Content/BasicShapes/Sphere.uexp" 844
"../../../Engine/Content/EditorLandscapeResources/SplineEditorMeshMat.uasset" 845
"../../../Engine/Content/EditorLandscapeResources/SplineEditorMeshMat.uexp" 846
"../../../Engine/Content/EditorLandscapeResources/SplineEditorMesh.ubulk" 847
"../../../Engine/Content/EditorLandscapeResources/SplineEditorMesh.uasset" 848
"../../../Engine/Content/EditorLandscapeResources/SplineEditorMesh.uexp" 849
"../../../Engine/Content/EngineResources/WhiteSquareTexture.uasset" 850
"../../../Engine/Content/EngineResources/WhiteSquareTexture.uexp" 851
"../../../Engine/Content/EngineMaterials/Widget3DPassThrough.uasset" 852
"../../../Engine/Content/EngineMaterials/Widget3DPassThrough.uexp" 853
"../../../Engine/Content/EngineMaterials/Widget3DPassThrough_Masked.uasset" 854
"../../../Engine/Content/EngineMaterials/Widget3DPassThrough_Masked.uexp" 855
"../../../Engine/Content/EngineMaterials/Widget3DPassThrough_Opaque.uasset" 856
"../../../Engine/Content/EngineMaterials/Widget3DPassThrough_Opaque.uexp" 857
"../../../Engine/Content/EngineMaterials/Widget3DPassThrough_Masked_OneSided.uasset" 858
"../../../Engine/Content/EngineMaterials/Widget3DPassThrough_Masked_OneSided.uexp" 859
"../../../Engine/Content/EngineMaterials/Widget3DPassThrough_Opaque_OneSided.uasset" 860
"../../../Engine/Content/EngineMaterials/Widget3DPassThrough_Opaque_OneSided.uexp" 861
"../../../Engine/Content/EngineMaterials/Widget3DPassThrough_Translucent.uasset" 862
"../../../Engine/Content/EngineMaterials/Widget3DPassThrough_Translucent.uexp" 863
"../../../Engine/Content/EngineMaterials/Widget3DPassThrough_Translucent_OneSided.uasset" 864
"../../../Engine/Content/EngineMaterials/Widget3DPassThrough_Translucent_OneSided.uexp" 865
"../../../Engine/Plugins/Animation/ControlRig/Content/Controls/ControlRig_Arrow2_1mm.ubulk" 866
"../../../Engine/Plugins/Animation/ControlRig/Content/Controls/ControlRig_Arrow2_1mm.uasset" 867
"../../../Engine/Plugins/Animation/ControlRig/Content/Controls/ControlRig_Arrow2_1mm.uexp" 868
"../../../Engine/Plugins/Animation/ControlRig/Content/Controls/ControlRig_Arrow2_3mm.ubulk" 869
"../../../Engine/Plugins/Animation/ControlRig/Content/Controls/ControlRig_Arrow2_3mm.uasset" 870
"../../../Engine/Plugins/Animation/ControlRig/Content/Controls/ControlRig_Arrow2_3mm.uexp" 871
"../../../Engine/Plugins/Animation/ControlRig/Content/Controls/ControlRig_Arrow2_solid.ubulk" 872
"../../../Engine/Plugins/Animation/ControlRig/Content/Controls/ControlRig_Arrow2_solid.uasset" 873
"../../../Engine/Plugins/Animation/ControlRig/Content/Controls/ControlRig_Arrow2_solid.uexp" 874
"../../../Engine/Plugins/Animation/ControlRig/Content/Controls/ControlRig_Arrow4_1mm.ubulk" 875
"../../../Engine/Plugins/Animation/ControlRig/Content/Controls/ControlRig_Arrow4_1mm.uasset" 876
"../../../Engine/Plugins/Animation/ControlRig/Content/Controls/ControlRig_Arrow4_1mm.uexp" 877
"../../../Engine/Plugins/Animation/ControlRig/Content/Controls/ControlRig_Arrow4_3mm.ubulk" 878
"../../../Engine/Plugins/Animation/ControlRig/Content/Controls/ControlRig_Arrow4_3mm.uasset" 879
"../../../Engine/Plugins/Animation/ControlRig/Content/Controls/ControlRig_Arrow4_3mm.uexp" 880
"../../../Engine/Plugins/Animation/ControlRig/Content/Controls/ControlRig_Arrow4_solid.ubulk" 881
"../../../Engine/Plugins/Animation/ControlRig/Content/Controls/ControlRig_Arrow4_solid.uasset" 882
"../../../Engine/Plugins/Animation/ControlRig/Content/Controls/ControlRig_Arrow4_solid.uexp" 883
"../../../Engine/Plugins/Animation/ControlRig/Content/Controls/ControlRig_Arrow_1mm.ubulk" 884
"../../../Engine/Plugins/Animation/ControlRig/Content/Controls/ControlRig_Arrow_1mm.uasset" 885
"../../../Engine/Plugins/Animation/ControlRig/Content/Controls/ControlRig_Arrow_1mm.uexp" 886
"../../../Engine/Plugins/Animation/ControlRig/Content/Controls/ControlRig_Arrow_3mm.ubulk" 887
"../../../Engine/Plugins/Animation/ControlRig/Content/Controls/ControlRig_Arrow_3mm.uasset" 888
"../../../Engine/Plugins/Animation/ControlRig/Content/Controls/ControlRig_Arrow_3mm.uexp" 889
"../../../Engine/Plugins/Animation/ControlRig/Content/Controls/ControlRig_Arrow_solid.ubulk" 890
"../../../Engine/Plugins/Animation/ControlRig/Content/Controls/ControlRig_Arrow_solid.uasset" 891
"../../../Engine/Plugins/Animation/ControlRig/Content/Controls/ControlRig_Arrow_solid.uexp" 892
"../../../Engine/Plugins/Animation/ControlRig/Content/Controls/ControlRig_Box_1mm.ubulk" 893
"../../../Engine/Plugins/Animation/ControlRig/Content/Controls/ControlRig_Box_1mm.uasset" 894
"../../../Engine/Plugins/Animation/ControlRig/Content/Controls/ControlRig_Box_1mm.uexp" 895
"../../../Engine/Plugins/Animation/ControlRig/Content/Controls/ControlRig_Box_3mm.ubulk" 896
"../../../Engine/Plugins/Animation/ControlRig/Content/Controls/ControlRig_Box_3mm.uasset" 897
"../../../Engine/Plugins/Animation/ControlRig/Content/Controls/ControlRig_Box_3mm.uexp" 898
"../../../Engine/Plugins/Animation/ControlRig/Content/Controls/ControlRig_Box_solid.ubulk" 899
"../../../Engine/Plugins/Animation/ControlRig/Content/Controls/ControlRig_Box_solid.uasset" 900
"../../../Engine/Plugins/Animation/ControlRig/Content/Controls/ControlRig_Box_solid.uexp" 901
"../../../Engine/Plugins/Animation/ControlRig/Content/Controls/ControlRig_Circle_1mm.ubulk" 902
"../../../Engine/Plugins/Animation/ControlRig/Content/Controls/ControlRig_Circle_1mm.uasset" 903
"../../../Engine/Plugins/Animation/ControlRig/Content/Controls/ControlRig_Circle_1mm.uexp" 904
"../../../Engine/Plugins/Animation/ControlRig/Content/Controls/ControlRig_Circle_3mm.ubulk" 905
"../../../Engine/Plugins/Animation/ControlRig/Content/Controls/ControlRig_Circle_3mm.uasset" 906
"../../../Engine/Plugins/Animation/ControlRig/Content/Controls/ControlRig_Circle_3mm.uexp" 907
"../../../Engine/Plugins/Animation/ControlRig/Content/Controls/ControlRig_Circle_solid.ubulk" 908
"../../../Engine/Plugins/Animation/ControlRig/Content/Controls/ControlRig_Circle_solid.uasset" 909
"../../../Engine/Plugins/Animation/ControlRig/Content/Controls/ControlRig_Circle_solid.uexp" 910
"../../../Engine/Plugins/Animation/ControlRig/Content/Controls/ControlRig_Diamond_1mm.ubulk" 911
"../../../Engine/Plugins/Animation/ControlRig/Content/Controls/ControlRig_Diamond_1mm.uasset" 912
"../../../Engine/Plugins/Animation/ControlRig/Content/Controls/ControlRig_Diamond_1mm.uexp" 913
"../../../Engine/Plugins/Animation/ControlRig/Content/Controls/ControlRig_Diamond_3mm.ubulk" 914
"../../../Engine/Plugins/Animation/ControlRig/Content/Controls/ControlRig_Diamond_3mm.uasset" 915
"../../../Engine/Plugins/Animation/ControlRig/Content/Controls/ControlRig_Diamond_3mm.uexp" 916
"../../../Engine/Plugins/Animation/ControlRig/Content/Controls/ControlRig_Diamond_solid.ubulk" 917
"../../../Engine/Plugins/Animation/ControlRig/Content/Controls/ControlRig_Diamond_solid.uasset" 918
"../../../Engine/Plugins/Animation/ControlRig/Content/Controls/ControlRig_Diamond_solid.uexp" 919
"../../../Engine/Plugins/Animation/ControlRig/Content/Controls/ControlRig_HalfCircle_1mm.ubulk" 920
"../../../Engine/Plugins/Animation/ControlRig/Content/Controls/ControlRig_HalfCircle_1mm.uasset" 921
"../../../Engine/Plugins/Animation/ControlRig/Content/Controls/ControlRig_HalfCircle_1mm.uexp" 922
"../../../Engine/Plugins/Animation/ControlRig/Content/Controls/ControlRig_HalfCircle_3mm.ubulk" 923
"../../../Engine/Plugins/Animation/ControlRig/Content/Controls/ControlRig_HalfCircle_3mm.uasset" 924
"../../../Engine/Plugins/Animation/ControlRig/Content/Controls/ControlRig_HalfCircle_3mm.uexp" 925
"../../../Engine/Plugins/Animation/ControlRig/Content/Controls/ControlRig_HalfCircle_solid.ubulk" 926
"../../../Engine/Plugins/Animation/ControlRig/Content/Controls/ControlRig_HalfCircle_solid.uasset" 927
"../../../Engine/Plugins/Animation/ControlRig/Content/Controls/ControlRig_HalfCircle_solid.uexp" 928
"../../../Engine/Plugins/Animation/ControlRig/Content/Controls/ControlRig_Hexagon_1mm.ubulk" 929
"../../../Engine/Plugins/Animation/ControlRig/Content/Controls/ControlRig_Hexagon_1mm.uasset" 930
"../../../Engine/Plugins/Animation/ControlRig/Content/Controls/ControlRig_Hexagon_1mm.uexp" 931
"../../../Engine/Plugins/Animation/ControlRig/Content/Controls/ControlRig_Hexagon_3mm.ubulk" 932
"../../../Engine/Plugins/Animation/ControlRig/Content/Controls/ControlRig_Hexagon_3mm.uasset" 933
"../../../Engine/Plugins/Animation/ControlRig/Content/Controls/ControlRig_Hexagon_3mm.uexp" 934
"../../../Engine/Plugins/Animation/ControlRig/Content/Controls/ControlRig_Hexagon_solid.ubulk" 935
"../../../Engine/Plugins/Animation/ControlRig/Content/Controls/ControlRig_Hexagon_solid.uasset" 936
"../../../Engine/Plugins/Animation/ControlRig/Content/Controls/ControlRig_Hexagon_solid.uexp" 937
"../../../Engine/Plugins/Animation/ControlRig/Content/Controls/ControlRig_Octagon_1mm.ubulk" 938
"../../../Engine/Plugins/Animation/ControlRig/Content/Controls/ControlRig_Octagon_1mm.uasset" 939
"../../../Engine/Plugins/Animation/ControlRig/Content/Controls/ControlRig_Octagon_1mm.uexp" 940
"../../../Engine/Plugins/Animation/ControlRig/Content/Controls/ControlRig_Octagon_3mm.ubulk" 941
"../../../Engine/Plugins/Animation/ControlRig/Content/Controls/ControlRig_Octagon_3mm.uasset" 942
"../../../Engine/Plugins/Animation/ControlRig/Content/Controls/ControlRig_Octagon_3mm.uexp" 943
"../../../Engine/Plugins/Animation/ControlRig/Content/Controls/ControlRig_Octagon_solid.ubulk" 944
"../../../Engine/Plugins/Animation/ControlRig/Content/Controls/ControlRig_Octagon_solid.uasset" 945
"../../../Engine/Plugins/Animation/ControlRig/Content/Controls/ControlRig_Octagon_solid.uexp" 946
"../../../Engine/Plugins/Animation/ControlRig/Content/Controls/ControlRig_Pyramid_1mm.ubulk" 947
"../../../Engine/Plugins/Animation/ControlRig/Content/Controls/ControlRig_Pyramid_1mm.uasset" 948
"../../../Engine/Plugins/Animation/ControlRig/Content/Controls/ControlRig_Pyramid_1mm.uexp" 949
"../../../Engine/Plugins/Animation/ControlRig/Content/Controls/ControlRig_Pyramid_3mm.ubulk" 950
"../../../Engine/Plugins/Animation/ControlRig/Content/Controls/ControlRig_Pyramid_3mm.uasset" 951
"../../../Engine/Plugins/Animation/ControlRig/Content/Controls/ControlRig_Pyramid_3mm.uexp" 952
"../../../Engine/Plugins/Animation/ControlRig/Content/Controls/ControlRig_Pyramid_solid.ubulk" 953
"../../../Engine/Plugins/Animation/ControlRig/Content/Controls/ControlRig_Pyramid_solid.uasset" 954
"../../../Engine/Plugins/Animation/ControlRig/Content/Controls/ControlRig_Pyramid_solid.uexp" 955
"../../../Engine/Plugins/Animation/ControlRig/Content/Controls/ControlRig_QuarterCircle_1mm.ubulk" 956
"../../../Engine/Plugins/Animation/ControlRig/Content/Controls/ControlRig_QuarterCircle_1mm.uasset" 957
"../../../Engine/Plugins/Animation/ControlRig/Content/Controls/ControlRig_QuarterCircle_1mm.uexp" 958
"../../../Engine/Plugins/Animation/ControlRig/Content/Controls/ControlRig_QuarterCircle_3mm.ubulk" 959
"../../../Engine/Plugins/Animation/ControlRig/Content/Controls/ControlRig_QuarterCircle_3mm.uasset" 960
"../../../Engine/Plugins/Animation/ControlRig/Content/Controls/ControlRig_QuarterCircle_3mm.uexp" 961
"../../../Engine/Plugins/Animation/ControlRig/Content/Controls/ControlRig_QuarterCircle_solid.ubulk" 962
"../../../Engine/Plugins/Animation/ControlRig/Content/Controls/ControlRig_QuarterCircle_solid.uasset" 963
"../../../Engine/Plugins/Animation/ControlRig/Content/Controls/ControlRig_QuarterCircle_solid.uexp" 964
"../../../Engine/Plugins/Animation/ControlRig/Content/Controls/ControlRig_RoundedSquare_1mm.ubulk" 965
"../../../Engine/Plugins/Animation/ControlRig/Content/Controls/ControlRig_RoundedSquare_1mm.uasset" 966
"../../../Engine/Plugins/Animation/ControlRig/Content/Controls/ControlRig_RoundedSquare_1mm.uexp" 967
"../../../Engine/Plugins/Animation/ControlRig/Content/Controls/ControlRig_RoundedSquare_3mm.ubulk" 968
"../../../Engine/Plugins/Animation/ControlRig/Content/Controls/ControlRig_RoundedSquare_3mm.uasset" 969
"../../../Engine/Plugins/Animation/ControlRig/Content/Controls/ControlRig_RoundedSquare_3mm.uexp" 970
"../../../Engine/Plugins/Animation/ControlRig/Content/Controls/ControlRig_RoundedSquare_solid.ubulk" 971
"../../../Engine/Plugins/Animation/ControlRig/Content/Controls/ControlRig_RoundedSquare_solid.uasset" 972
"../../../Engine/Plugins/Animation/ControlRig/Content/Controls/ControlRig_RoundedSquare_solid.uexp" 973
"../../../Engine/Plugins/Animation/ControlRig/Content/Controls/ControlRig_RoundedTriangle_1mm.ubulk" 974
"../../../Engine/Plugins/Animation/ControlRig/Content/Controls/ControlRig_RoundedTriangle_1mm.uasset" 975
"../../../Engine/Plugins/Animation/ControlRig/Content/Controls/ControlRig_RoundedTriangle_1mm.uexp" 976
"../../../Engine/Plugins/Animation/ControlRig/Content/Controls/ControlRig_RoundedTriangle_3mm.ubulk" 977
"../../../Engine/Plugins/Animation/ControlRig/Content/Controls/ControlRig_RoundedTriangle_3mm.uasset" 978
"../../../Engine/Plugins/Animation/ControlRig/Content/Controls/ControlRig_RoundedTriangle_3mm.uexp" 979
"../../../Engine/Plugins/Animation/ControlRig/Content/Controls/ControlRig_RoundedTriangle_solid.ubulk" 980
"../../../Engine/Plugins/Animation/ControlRig/Content/Controls/ControlRig_RoundedTriangle_solid.uasset" 981
"../../../Engine/Plugins/Animation/ControlRig/Content/Controls/ControlRig_RoundedTriangle_solid.uexp" 982
"../../../Engine/Plugins/Animation/ControlRig/Content/Controls/ControlRig_Sphere_1mm.ubulk" 983
"../../../Engine/Plugins/Animation/ControlRig/Content/Controls/ControlRig_Sphere_1mm.uasset" 984
"../../../Engine/Plugins/Animation/ControlRig/Content/Controls/ControlRig_Sphere_1mm.uexp" 985
"../../../Engine/Plugins/Animation/ControlRig/Content/Controls/ControlRig_Sphere_3mm.ubulk" 986
"../../../Engine/Plugins/Animation/ControlRig/Content/Controls/ControlRig_Sphere_3mm.uasset" 987
"../../../Engine/Plugins/Animation/ControlRig/Content/Controls/ControlRig_Sphere_3mm.uexp" 988
"../../../Engine/Plugins/Animation/ControlRig/Content/Controls/ControlRig_Sphere_solid.ubulk" 989
"../../../Engine/Plugins/Animation/ControlRig/Content/Controls/ControlRig_Sphere_solid.uasset" 990
"../../../Engine/Plugins/Animation/ControlRig/Content/Controls/ControlRig_Sphere_solid.uexp" 991
"../../../Engine/Plugins/Animation/ControlRig/Content/Controls/ControlRig_Square_1mm.ubulk" 992
"../../../Engine/Plugins/Animation/ControlRig/Content/Controls/ControlRig_Square_1mm.uasset" 993
"../../../Engine/Plugins/Animation/ControlRig/Content/Controls/ControlRig_Square_1mm.uexp" 994
"../../../Engine/Plugins/Animation/ControlRig/Content/Controls/ControlRig_Square_3mm.ubulk" 995
"../../../Engine/Plugins/Animation/ControlRig/Content/Controls/ControlRig_Square_3mm.uasset" 996
"../../../Engine/Plugins/Animation/ControlRig/Content/Controls/ControlRig_Square_3mm.uexp" 997
"../../../Engine/Plugins/Animation/ControlRig/Content/Controls/ControlRig_Square_solid.ubulk" 998
"../../../Engine/Plugins/Animation/ControlRig/Content/Controls/ControlRig_Square_solid.uasset" 999
"../../../Engine/Plugins/Animation/ControlRig/Content/Controls/ControlRig_Square_solid.uexp" 1000
"../../../Engine/Plugins/Animation/ControlRig/Content/Controls/ControlRig_Star4_1mm.ubulk" 1001
"../../../Engine/Plugins/Animation/ControlRig/Content/Controls/ControlRig_Star4_1mm.uasset" 1002
"../../../Engine/Plugins/Animation/ControlRig/Content/Controls/ControlRig_Star4_1mm.uexp" 1003
"../../../Engine/Plugins/Animation/ControlRig/Content/Controls/ControlRig_Star4_3mm.ubulk" 1004
"../../../Engine/Plugins/Animation/ControlRig/Content/Controls/ControlRig_Star4_3mm.uasset" 1005
"../../../Engine/Plugins/Animation/ControlRig/Content/Controls/ControlRig_Star4_3mm.uexp" 1006
"../../../Engine/Plugins/Animation/ControlRig/Content/Controls/ControlRig_Star4_solid.ubulk" 1007
"../../../Engine/Plugins/Animation/ControlRig/Content/Controls/ControlRig_Star4_solid.uasset" 1008
"../../../Engine/Plugins/Animation/ControlRig/Content/Controls/ControlRig_Star4_solid.uexp" 1009
"../../../Engine/Plugins/Animation/ControlRig/Content/Controls/ControlRig_Triangle_1mm.ubulk" 1010
"../../../Engine/Plugins/Animation/ControlRig/Content/Controls/ControlRig_Triangle_1mm.uasset" 1011
"../../../Engine/Plugins/Animation/ControlRig/Content/Controls/ControlRig_Triangle_1mm.uexp" 1012
"../../../Engine/Plugins/Animation/ControlRig/Content/Controls/ControlRig_Triangle_3mm.ubulk" 1013
"../../../Engine/Plugins/Animation/ControlRig/Content/Controls/ControlRig_Triangle_3mm.uasset" 1014
"../../../Engine/Plugins/Animation/ControlRig/Content/Controls/ControlRig_Triangle_3mm.uexp" 1015
"../../../Engine/Plugins/Animation/ControlRig/Content/Controls/ControlRig_Triangle_solid.ubulk" 1016
"../../../Engine/Plugins/Animation/ControlRig/Content/Controls/ControlRig_Triangle_solid.uasset" 1017
"../../../Engine/Plugins/Animation/ControlRig/Content/Controls/ControlRig_Triangle_solid.uexp" 1018
"../../../Engine/Plugins/Animation/ControlRig/Content/Controls/ControlRig_Wedge_1mm.ubulk" 1019
"../../../Engine/Plugins/Animation/ControlRig/Content/Controls/ControlRig_Wedge_1mm.uasset" 1020
"../../../Engine/Plugins/Animation/ControlRig/Content/Controls/ControlRig_Wedge_1mm.uexp" 1021
"../../../Engine/Plugins/Animation/ControlRig/Content/Controls/ControlRig_Wedge_3mm.ubulk" 1022
"../../../Engine/Plugins/Animation/ControlRig/Content/Controls/ControlRig_Wedge_3mm.uasset" 1023
"../../../Engine/Plugins/Animation/ControlRig/Content/Controls/ControlRig_Wedge_3mm.uexp" 1024
"../../../Engine/Plugins/Animation/ControlRig/Content/Controls/ControlRig_Wedge_solid.ubulk" 1025
"../../../Engine/Plugins/Animation/ControlRig/Content/Controls/ControlRig_Wedge_solid.uasset" 1026
"../../../Engine/Plugins/Animation/ControlRig/Content/Controls/ControlRig_Wedge_solid.uexp" 1027
"../../../Engine/Content/Functions/Engine_MaterialFunctions02/Texturing/CustomRotator.uasset" 1028
"../../../Engine/Content/Functions/Engine_MaterialFunctions02/Texturing/CustomRotator.uexp" 1029
"../../../Engine/Content/Functions/Engine_MaterialFunctions01/Gradient/GeneratedRoundRect.uasset" 1030
"../../../Engine/Content/Functions/Engine_MaterialFunctions01/Gradient/GeneratedRoundRect.uexp" 1031
"../../../Engine/Content/Functions/Engine_MaterialFunctions01/Gradient/SphereGradient-2D.uasset" 1032
"../../../Engine/Content/Functions/Engine_MaterialFunctions01/Gradient/SphereGradient-2D.uexp" 1033
"../../../Engine/Plugins/Runtime/AudioWidgets/Content/AudioMaterialSlate/Functions/MF_DotOutlined.uasset" 1034
"../../../Engine/Plugins/Runtime/AudioWidgets/Content/AudioMaterialSlate/Functions/MF_DotOutlined.uexp" 1035
"../../../Engine/Plugins/Runtime/AudioWidgets/Content/AudioMaterialSlate/M_AudioMaterialEnvelope_ADSR.uasset" 1036
"../../../Engine/Plugins/Runtime/AudioWidgets/Content/AudioMaterialSlate/M_AudioMaterialEnvelope_ADSR.uexp" 1037
"../../../Engine/Plugins/Runtime/AudioWidgets/Content/AudioMaterialSlate/MI_AudioMaterialEnvelope_ADSR.uasset" 1038
"../../../Engine/Plugins/Runtime/AudioWidgets/Content/AudioMaterialSlate/MI_AudioMaterialEnvelope_ADSR.uexp" 1039
"../../../Engine/Plugins/Runtime/AudioWidgets/Content/AudioMaterialSlate/Functions/MF_SingleLine_Smooth.uasset" 1040
"../../../Engine/Plugins/Runtime/AudioWidgets/Content/AudioMaterialSlate/Functions/MF_SingleLine_Smooth.uexp" 1041
"../../../Engine/Plugins/Runtime/AudioWidgets/Content/AudioMaterialSlate/Functions/MF_AngleGradient.uasset" 1042
"../../../Engine/Plugins/Runtime/AudioWidgets/Content/AudioMaterialSlate/Functions/MF_AngleGradient.uexp" 1043
"../../../Engine/Content/Functions/Engine_MaterialFunctions02/Lerp_3Color.uasset" 1044
"../../../Engine/Content/Functions/Engine_MaterialFunctions02/Lerp_3Color.uexp" 1045
"../../../Engine/Plugins/Runtime/AudioWidgets/Content/AudioMaterialSlate/M_AudioMaterialKnob.uasset" 1046
"../../../Engine/Plugins/Runtime/AudioWidgets/Content/AudioMaterialSlate/M_AudioMaterialKnob.uexp" 1047
"../../../Engine/Plugins/Runtime/AudioWidgets/Content/AudioMaterialSlate/MI_AudioMaterialKnob.uasset" 1048
"../../../Engine/Plugins/Runtime/AudioWidgets/Content/AudioMaterialSlate/MI_AudioMaterialKnob.uexp" 1049
"../../../Engine/Plugins/Runtime/AudioWidgets/Content/AudioMaterialSlate/Functions/MF_Lines.uasset" 1050
"../../../Engine/Plugins/Runtime/AudioWidgets/Content/AudioMaterialSlate/Functions/MF_Lines.uexp" 1051
"../../../Engine/Plugins/Runtime/AudioWidgets/Content/AudioMaterialSlate/M_AudioMaterialMeter.uasset" 1052
"../../../Engine/Plugins/Runtime/AudioWidgets/Content/AudioMaterialSlate/M_AudioMaterialMeter.uexp" 1053
"../../../Engine/Plugins/Runtime/AudioWidgets/Content/AudioMaterialSlate/MI_AudioMaterialMeter.uasset" 1054
"../../../Engine/Plugins/Runtime/AudioWidgets/Content/AudioMaterialSlate/MI_AudioMaterialMeter.uexp" 1055
"../../../Engine/Plugins/Runtime/AudioWidgets/Content/AudioMaterialSlate/M_AudioMaterialRoundedSlider.uasset" 1056
"../../../Engine/Plugins/Runtime/AudioWidgets/Content/AudioMaterialSlate/M_AudioMaterialRoundedSlider.uexp" 1057
"../../../Engine/Plugins/Runtime/AudioWidgets/Content/AudioMaterialSlate/MI_AudioMaterialRoundedSlider.uasset" 1058
"../../../Engine/Plugins/Runtime/AudioWidgets/Content/AudioMaterialSlate/MI_AudioMaterialRoundedSlider.uexp" 1059
"../../../Engine/Plugins/Runtime/AudioWidgets/Content/AudioMaterialSlate/Functions/MF_SingleLine.uasset" 1060
"../../../Engine/Plugins/Runtime/AudioWidgets/Content/AudioMaterialSlate/Functions/MF_SingleLine.uexp" 1061
"../../../Engine/Plugins/Runtime/AudioWidgets/Content/AudioMaterialSlate/M_AudioMaterialToggleButton.uasset" 1062
"../../../Engine/Plugins/Runtime/AudioWidgets/Content/AudioMaterialSlate/M_AudioMaterialToggleButton.uexp" 1063
"../../../Engine/Plugins/Runtime/AudioWidgets/Content/AudioMaterialSlate/MI_AudioMaterialToggleButton.uasset" 1064
"../../../Engine/Plugins/Runtime/AudioWidgets/Content/AudioMaterialSlate/MI_AudioMaterialToggleButton.uexp" 1065
"../../../Engine/Plugins/2D/Paper2D/Content/DefaultSpriteMaterial.uasset" 1066
"../../../Engine/Plugins/2D/Paper2D/Content/DefaultSpriteMaterial.uexp" 1067
"../../../Engine/Plugins/2D/Paper2D/Content/MaskedUnlitSpriteMaterial.uasset" 1068
"../../../Engine/Plugins/2D/Paper2D/Content/MaskedUnlitSpriteMaterial.uexp" 1069
"../../../Engine/Plugins/2D/Paper2D/Content/OpaqueUnlitSpriteMaterial.uasset" 1070
"../../../Engine/Plugins/2D/Paper2D/Content/OpaqueUnlitSpriteMaterial.uexp" 1071
"../../../Engine/Plugins/Media/MediaPlate/Content/SM_MediaPlateScreen.ubulk" 1072
"../../../Engine/Plugins/Media/MediaPlate/Content/SM_MediaPlateScreen.uasset" 1073
"../../../Engine/Plugins/Media/MediaPlate/Content/SM_MediaPlateScreen.uexp" 1074
"D:/Unreal/Burgir-King/Content/Assets/Images/I_Cursor.uasset" 1075
"D:/Unreal/Burgir-King/Content/Assets/Images/I_Cursor.uexp" 1076
"D:/Unreal/Burgir-King/Content/Blueprint/Systems/IngredientOrder/Widgets/WB_Cursor.uasset" 1077
"D:/Unreal/Burgir-King/Content/Blueprint/Systems/IngredientOrder/Widgets/WB_Cursor.uexp" 1078
"../../../Engine/Content/EngineResources/LandscapeVisibilityLayerInfo.uasset" 1079
"../../../Engine/Content/EngineResources/LandscapeVisibilityLayerInfo.uexp" 1080
"../../../Engine/Content/VREditor/TransformGizmo/StartRotationHandleIndicator.ubulk" 1081
"../../../Engine/Content/VREditor/TransformGizmo/StartRotationHandleIndicator.uasset" 1082
"../../../Engine/Content/VREditor/TransformGizmo/StartRotationHandleIndicator.uexp" 1083
"../../../Engine/Content/VREditor/Sounds/UI/Drop_Item_From_ContentBrowser.ubulk" 1084
"../../../Engine/Content/VREditor/Sounds/UI/Drop_Item_From_ContentBrowser.uasset" 1085
"../../../Engine/Content/VREditor/Sounds/UI/Drop_Item_From_ContentBrowser.uexp" 1086
"../../../Engine/Content/VREditor/TransformGizmo/PlaneTranslationHandle.ubulk" 1087
"../../../Engine/Content/VREditor/TransformGizmo/PlaneTranslationHandle.uasset" 1088
"../../../Engine/Content/VREditor/TransformGizmo/PlaneTranslationHandle.uexp" 1089
"../../../Engine/Content/VREditor/Sounds/UI/Object_Snaps_To_Grid.ubulk" 1090
"../../../Engine/Content/VREditor/Sounds/UI/Object_Snaps_To_Grid.uasset" 1091
"../../../Engine/Content/VREditor/Sounds/UI/Object_Snaps_To_Grid.uexp" 1092
"../../../Engine/Content/VREditor/Sounds/UI/Selection_Changes.ubulk" 1093
"../../../Engine/Content/VREditor/Sounds/UI/Selection_Changes.uasset" 1094
"../../../Engine/Content/VREditor/Sounds/UI/Selection_Changes.uexp" 1095
"../../../Engine/Content/VREditor/Sounds/UI/Object_Snaps_To_Another_Actor.ubulk" 1096
"../../../Engine/Content/VREditor/Sounds/UI/Object_Snaps_To_Another_Actor.uasset" 1097
"../../../Engine/Content/VREditor/Sounds/UI/Object_Snaps_To_Another_Actor.uexp" 1098
"../../../Engine/Content/VREditor/TransformGizmo/TranslucentTransformGizmoMaterial_Inst.uasset" 1099
"../../../Engine/Content/VREditor/TransformGizmo/TranslucentTransformGizmoMaterial_Inst.uexp" 1100
"../../../Engine/Content/VREditor/TransformGizmo/TransformGizmoFreeRotation.ubulk" 1101
"../../../Engine/Content/VREditor/TransformGizmo/TransformGizmoFreeRotation.uasset" 1102
"../../../Engine/Content/VREditor/TransformGizmo/TransformGizmoFreeRotation.uexp" 1103
"../../../Engine/Content/VREditor/Sounds/UI/Scaling_Down.ubulk" 1104
"../../../Engine/Content/VREditor/Sounds/UI/Scaling_Down.uasset" 1105
"../../../Engine/Content/VREditor/Sounds/UI/Scaling_Down.uexp" 1106
"../../../Engine/Content/Functions/Engine_MaterialFunctions02/SplitComponents.uasset" 1107
"../../../Engine/Content/Functions/Engine_MaterialFunctions02/SplitComponents.uexp" 1108
"../../../Engine/Content/VREditor/SnapGrid/SnapGridMaterial.uasset" 1109
"../../../Engine/Content/VREditor/SnapGrid/SnapGridMaterial.uexp" 1110
"../../../Engine/Content/VREditor/SnapGrid/SnapGridPlaneMesh.ubulk" 1111
"../../../Engine/Content/VREditor/SnapGrid/SnapGridPlaneMesh.uasset" 1112
"../../../Engine/Content/VREditor/SnapGrid/SnapGridPlaneMesh.uexp" 1113
"../../../Engine/Content/VREditor/Sounds/UI/Scaling_Up.ubulk" 1114
"../../../Engine/Content/VREditor/Sounds/UI/Scaling_Up.uasset" 1115
"../../../Engine/Content/VREditor/Sounds/UI/Scaling_Up.uexp" 1116
"../../../Engine/Content/VREditor/TransformGizmo/TransformGizmoMaterial_Inst.uasset" 1117
"../../../Engine/Content/VREditor/TransformGizmo/TransformGizmoMaterial_Inst.uexp" 1118
"../../../Engine/Content/VREditor/Sounds/UI/Gizmo_Handle_Clicked.ubulk" 1119
"../../../Engine/Content/VREditor/Sounds/UI/Gizmo_Handle_Clicked.uasset" 1120
"../../../Engine/Content/VREditor/Sounds/UI/Gizmo_Handle_Clicked.uexp" 1121
"../../../Engine/Content/VREditor/TransformGizmo/RotationHandleQuarter.ubulk" 1122
"../../../Engine/Content/VREditor/TransformGizmo/RotationHandleQuarter.uasset" 1123
"../../../Engine/Content/VREditor/TransformGizmo/RotationHandleQuarter.uexp" 1124
"../../../Engine/Content/VREditor/TransformGizmo/TranslateArrowHandle.ubulk" 1125
"../../../Engine/Content/VREditor/TransformGizmo/TranslateArrowHandle.uasset" 1126
"../../../Engine/Content/VREditor/TransformGizmo/TranslateArrowHandle.uexp" 1127
"../../../Engine/Content/VREditor/TransformGizmo/RotationHandleIndicator.ubulk" 1128
"../../../Engine/Content/VREditor/TransformGizmo/RotationHandleIndicator.uasset" 1129
"../../../Engine/Content/VREditor/TransformGizmo/RotationHandleIndicator.uexp" 1130
"../../../Engine/Content/VREditor/TransformGizmo/UniformScaleHandle.ubulk" 1131
"../../../Engine/Content/VREditor/TransformGizmo/UniformScaleHandle.uasset" 1132
"../../../Engine/Content/VREditor/TransformGizmo/UniformScaleHandle.uexp" 1133
"../../../Engine/Content/VREditor/TransformGizmo/RotationHandleFull.ubulk" 1134
"../../../Engine/Content/VREditor/TransformGizmo/RotationHandleFull.uasset" 1135
"../../../Engine/Content/VREditor/TransformGizmo/RotationHandleFull.uexp" 1136
"../../../Engine/Content/VREditor/Sounds/UI/Object_PickUp.ubulk" 1137
"../../../Engine/Content/VREditor/Sounds/UI/Object_PickUp.uasset" 1138
"../../../Engine/Content/VREditor/Sounds/UI/Object_PickUp.uexp" 1139
"../../../Engine/Plugins/Animation/DeformerGraph/Content/DeformerFunctions/DG_Function_ComputeNormalsTangents.uasset" 1140
"../../../Engine/Plugins/Animation/DeformerGraph/Content/DeformerFunctions/DG_Function_ComputeNormalsTangents.uexp" 1141
"../../../Engine/Plugins/Animation/DeformerGraph/Content/DeformerFunctions/DG_Function_LinearBlendSkin_Morph_Cloth.uasset" 1142
"../../../Engine/Plugins/Animation/DeformerGraph/Content/DeformerFunctions/DG_Function_LinearBlendSkin_Morph_Cloth.uexp" 1143
"../../../Engine/Plugins/Animation/DeformerGraph/Content/DeformerFunctions/DG_Function_LinearBlendSkin_Morph_Cloth_PositionOnly.uasset" 1144
"../../../Engine/Plugins/Animation/DeformerGraph/Content/DeformerFunctions/DG_Function_LinearBlendSkin_Morph_Cloth_PositionOnly.uexp" 1145
"../../../Engine/Plugins/Animation/DeformerGraph/Content/Deformers/DG_LinearBlendSkin_Morph_Cloth.uasset" 1146
"../../../Engine/Plugins/Animation/DeformerGraph/Content/Deformers/DG_LinearBlendSkin_Morph_Cloth.uexp" 1147
"../../../Engine/Plugins/Animation/DeformerGraph/Content/Deformers/DG_LinearBlendSkin_Morph_Cloth_RecomputeNormals.uasset" 1148
"../../../Engine/Plugins/Animation/DeformerGraph/Content/Deformers/DG_LinearBlendSkin_Morph_Cloth_RecomputeNormals.uexp" 1149
"../../../Engine/Plugins/NNE/NNEDenoiser/Content/NNEDT_Oidn2-3_Balanced.uasset" 1150
"../../../Engine/Plugins/NNE/NNEDenoiser/Content/NNEDT_Oidn2-3_Balanced.uexp" 1151
"../../../Engine/Plugins/NNE/NNEDenoiser/Content/NNEDT_Oidn2-3_Balanced_Alpha.uasset" 1152
"../../../Engine/Plugins/NNE/NNEDenoiser/Content/NNEDT_Oidn2-3_Balanced_Alpha.uexp" 1153
"../../../Engine/Plugins/NNE/NNEDenoiser/Content/NNED_Oidn2-3_Balanced.uasset" 1154
"../../../Engine/Plugins/NNE/NNEDenoiser/Content/NNED_Oidn2-3_Balanced.uexp" 1155
"../../../Engine/Plugins/NNE/NNEDenoiser/Content/NNED_Oidn2-3_Balanced_Alpha.uasset" 1156
"../../../Engine/Plugins/NNE/NNEDenoiser/Content/NNED_Oidn2-3_Balanced_Alpha.uexp" 1157
"../../../Engine/Plugins/NNE/NNEDenoiser/Content/NNED_Oidn2-3_Fast.uasset" 1158
"../../../Engine/Plugins/NNE/NNEDenoiser/Content/NNED_Oidn2-3_Fast.uexp" 1159
"../../../Engine/Plugins/NNE/NNEDenoiser/Content/NNED_Oidn2-3_Fast_Alpha.uasset" 1160
"../../../Engine/Plugins/NNE/NNEDenoiser/Content/NNED_Oidn2-3_Fast_Alpha.uexp" 1161
"../../../Engine/Plugins/NNE/NNEDenoiser/Content/NNED_Oidn2-3_HighQuality.uasset" 1162
"../../../Engine/Plugins/NNE/NNEDenoiser/Content/NNED_Oidn2-3_HighQuality.uexp" 1163
"../../../Engine/Plugins/NNE/NNEDenoiser/Content/NNED_Oidn2-3_HighQuality_Alpha.uasset" 1164
"../../../Engine/Plugins/NNE/NNEDenoiser/Content/NNED_Oidn2-3_HighQuality_Alpha.uexp" 1165
"../../../Engine/Plugins/NNE/NNEDenoiser/Content/NNE_oidn2-3-0_rt_hdr_alb_nrm_small__dyn__fp16_opset11_DenoiseAlpha.uasset" 1166
"../../../Engine/Plugins/NNE/NNEDenoiser/Content/NNE_oidn2-3-0_rt_hdr_alb_nrm_small__dyn__fp16_opset11_DenoiseAlpha.uexp" 1167
"../../../Engine/Plugins/NNE/NNEDenoiser/Content/NNE_oidn2-3-0_rt_hdr_alb_nrm_small__dyn__fp16_opset11_ForwardAlpha.uasset" 1168
"../../../Engine/Plugins/NNE/NNEDenoiser/Content/NNE_oidn2-3-0_rt_hdr_alb_nrm_small__dyn__fp16_opset11_ForwardAlpha.uexp" 1169
"../../../Engine/Plugins/NNE/NNEDenoiser/Content/NNE_oidn2-3-0_rt_hdr_alb_nrm__dyn__fp16_opset11_DenoiseAlpha.uasset" 1170
"../../../Engine/Plugins/NNE/NNEDenoiser/Content/NNE_oidn2-3-0_rt_hdr_alb_nrm__dyn__fp16_opset11_DenoiseAlpha.uexp" 1171
"../../../Engine/Plugins/NNE/NNEDenoiser/Content/NNE_oidn2-3-0_rt_hdr_alb_nrm__dyn__fp16_opset11_ForwardAlpha.uasset" 1172
"../../../Engine/Plugins/NNE/NNEDenoiser/Content/NNE_oidn2-3-0_rt_hdr_alb_nrm__dyn__fp16_opset11_ForwardAlpha.uexp" 1173
"../../../Engine/Plugins/NNE/NNEDenoiser/Content/NNE_oidn2-3-0_rt_hdr_calb_cnrm_large__dyn__fp16_opset11_DenoiseAlpha.uasset" 1174
"../../../Engine/Plugins/NNE/NNEDenoiser/Content/NNE_oidn2-3-0_rt_hdr_calb_cnrm_large__dyn__fp16_opset11_DenoiseAlpha.uexp" 1175
"../../../Engine/Plugins/NNE/NNEDenoiser/Content/NNE_oidn2-3-0_rt_hdr_calb_cnrm_large__dyn__fp16_opset11_ForwardAlpha.uasset" 1176
"../../../Engine/Plugins/NNE/NNEDenoiser/Content/NNE_oidn2-3-0_rt_hdr_calb_cnrm_large__dyn__fp16_opset11_ForwardAlpha.uexp" 1177
"D:/Unreal/Burgir-King/Content/Blueprint/Systems/IngredientOrder/Enums/Enum_FoodName.uasset" 1178
"D:/Unreal/Burgir-King/Content/Blueprint/Systems/IngredientOrder/Enums/Enum_FoodName.uexp" 1179
"D:/Unreal/Burgir-King/Content/Assets/Food/14645750_199999996_letuceleaf.uasset" 1180
"D:/Unreal/Burgir-King/Content/Assets/Food/14645750_199999996_letuceleaf.uexp" 1181
"D:/Unreal/Burgir-King/Content/Assets/Food/letuceleaf.uasset" 1182
"D:/Unreal/Burgir-King/Content/Assets/Food/letuceleaf.uexp" 1183
"D:/Unreal/Burgir-King/Content/Assets/Food/LettuceSlice.ubulk" 1184
"D:/Unreal/Burgir-King/Content/Assets/Food/LettuceSlice.uasset" 1185
"D:/Unreal/Burgir-King/Content/Assets/Food/LettuceSlice.uexp" 1186
"D:/Unreal/Burgir-King/Content/Blueprint/Food/BP_Lettuce.uasset" 1187
"D:/Unreal/Burgir-King/Content/Blueprint/Food/BP_Lettuce.uexp" 1188
"D:/Unreal/Burgir-King/Content/Blueprint/Food/Basket/WB_HoldKey.uasset" 1189
"D:/Unreal/Burgir-King/Content/Blueprint/Food/Basket/WB_HoldKey.uexp" 1190
"D:/Unreal/Burgir-King/Content/Assets/Food/seed.uasset" 1191
"D:/Unreal/Burgir-King/Content/Assets/Food/seed.uexp" 1192
"D:/Unreal/Burgir-King/Content/Assets/Food/Bun.uasset" 1193
"D:/Unreal/Burgir-King/Content/Assets/Food/Bun.uexp" 1194
"D:/Unreal/Burgir-King/Content/Assets/Food/bunwhite.uasset" 1195
"D:/Unreal/Burgir-King/Content/Assets/Food/bunwhite.uexp" 1196
"D:/Unreal/Burgir-King/Content/Assets/Food/TopBun.ubulk" 1197
"D:/Unreal/Burgir-King/Content/Assets/Food/TopBun.uasset" 1198
"D:/Unreal/Burgir-King/Content/Assets/Food/TopBun.uexp" 1199
"D:/Unreal/Burgir-King/Content/Blueprint/Food/Breads/BP_TopBun.uasset" 1200
"D:/Unreal/Burgir-King/Content/Blueprint/Food/Breads/BP_TopBun.uexp" 1201
"D:/Unreal/Burgir-King/Content/Assets/Food/UnderBun.ubulk" 1202
"D:/Unreal/Burgir-King/Content/Assets/Food/UnderBun.uasset" 1203
"D:/Unreal/Burgir-King/Content/Assets/Food/UnderBun.uexp" 1204
"D:/Unreal/Burgir-King/Content/Blueprint/Systems/IngredientOrder/Enums/Enum_FoodType.uasset" 1205
"D:/Unreal/Burgir-King/Content/Blueprint/Systems/IngredientOrder/Enums/Enum_FoodType.uexp" 1206
"D:/Unreal/Burgir-King/Content/Assets/Food/meat.uasset" 1207
"D:/Unreal/Burgir-King/Content/Assets/Food/meat.uexp" 1208
"D:/Unreal/Burgir-King/Content/Assets/Food/BurgerMeat.ubulk" 1209
"D:/Unreal/Burgir-King/Content/Assets/Food/BurgerMeat.uasset" 1210
"D:/Unreal/Burgir-King/Content/Assets/Food/BurgerMeat.uexp" 1211
"D:/Unreal/Burgir-King/Content/Blueprint/m_alpha.uasset" 1212
"D:/Unreal/Burgir-King/Content/Blueprint/m_alpha.uexp" 1213
"D:/Unreal/Burgir-King/Content/Assets/Sounds/SFX_Sizzling.ubulk" 1214
"D:/Unreal/Burgir-King/Content/Assets/Sounds/SFX_Sizzling.uasset" 1215
"D:/Unreal/Burgir-King/Content/Assets/Sounds/SFX_Sizzling.uexp" 1216
"D:/Unreal/Burgir-King/Content/Blueprint/Food/BP_Meat.uasset" 1217
"D:/Unreal/Burgir-King/Content/Blueprint/Food/BP_Meat.uexp" 1218
"D:/Unreal/Burgir-King/Content/Assets/Food/Cheese.uasset" 1219
"D:/Unreal/Burgir-King/Content/Assets/Food/Cheese.uexp" 1220
"D:/Unreal/Burgir-King/Content/Assets/Food/MeltedCheese.ubulk" 1221
"D:/Unreal/Burgir-King/Content/Assets/Food/MeltedCheese.uasset" 1222
"D:/Unreal/Burgir-King/Content/Assets/Food/MeltedCheese.uexp" 1223
"D:/Unreal/Burgir-King/Content/Blueprint/Food/BP_Cheese.uasset" 1224
"D:/Unreal/Burgir-King/Content/Blueprint/Food/BP_Cheese.uexp" 1225
"D:/Unreal/Burgir-King/Content/Assets/Items/M_SpaceBux.uasset" 1226
"D:/Unreal/Burgir-King/Content/Assets/Items/M_SpaceBux.uexp" 1227
"D:/Unreal/Burgir-King/Content/Assets/Items/M_SpaceBux_2.uasset" 1228
"D:/Unreal/Burgir-King/Content/Assets/Items/M_SpaceBux_2.uexp" 1229
"D:/Unreal/Burgir-King/Content/Assets/Items/spacebux.ubulk" 1230
"D:/Unreal/Burgir-King/Content/Assets/Items/spacebux.uasset" 1231
"D:/Unreal/Burgir-King/Content/Assets/Items/spacebux.uexp" 1232
"D:/Unreal/Burgir-King/Content/Blueprint/Food/Breads/BP_DownBun.uasset" 1233
"D:/Unreal/Burgir-King/Content/Blueprint/Food/Breads/BP_DownBun.uexp" 1234
"D:/Unreal/Burgir-King/Content/Fab/Megascans/Surfaces/Stained_Tarp_wdipagu/Medium/T_wdipagu_2K_N.ubulk" 1235
"D:/Unreal/Burgir-King/Content/Fab/Megascans/Surfaces/Stained_Tarp_wdipagu/Medium/T_wdipagu_2K_N.uasset" 1236
"D:/Unreal/Burgir-King/Content/Fab/Megascans/Surfaces/Stained_Tarp_wdipagu/Medium/T_wdipagu_2K_N.uexp" 1237
"D:/Unreal/Burgir-King/Content/Fab/Megascans/Surfaces/Stained_Tarp_wdipagu/Medium/T_wdipagu_2K_B.ubulk" 1238
"D:/Unreal/Burgir-King/Content/Fab/Megascans/Surfaces/Stained_Tarp_wdipagu/Medium/T_wdipagu_2K_B.uasset" 1239
"D:/Unreal/Burgir-King/Content/Fab/Megascans/Surfaces/Stained_Tarp_wdipagu/Medium/T_wdipagu_2K_B.uexp" 1240
"../../../Engine/Plugins/Fab/Content/Textures/Standard/T_DefaultDisplacement.uasset" 1241
"../../../Engine/Plugins/Fab/Content/Textures/Standard/T_DefaultDisplacement.uexp" 1242
"../../../Engine/Plugins/Fab/Content/MaterialFunctions/QMF_BaseColorAdjustments.uasset" 1243
"../../../Engine/Plugins/Fab/Content/MaterialFunctions/QMF_BaseColorAdjustments.uexp" 1244
"../../../Engine/Plugins/Fab/Content/Textures/Standard/T_DefaultNormal.uasset" 1245
"../../../Engine/Plugins/Fab/Content/Textures/Standard/T_DefaultNormal.uexp" 1246
"../../../Engine/Plugins/Fab/Content/Textures/Standard/T_DefaultMasks.uasset" 1247
"../../../Engine/Plugins/Fab/Content/Textures/Standard/T_DefaultMasks.uexp" 1248
"../../../Engine/Plugins/Fab/Content/MaterialFunctions/QMF_RoughnessAdjustments.uasset" 1249
"../../../Engine/Plugins/Fab/Content/MaterialFunctions/QMF_RoughnessAdjustments.uexp" 1250
"../../../Engine/Plugins/Fab/Content/MaterialFunctions/QMF_Tiling.uasset" 1251
"../../../Engine/Plugins/Fab/Content/MaterialFunctions/QMF_Tiling.uexp" 1252
"../../../Engine/Plugins/Fab/Content/MaterialFunctions/QMF_NormalAdjustments.uasset" 1253
"../../../Engine/Plugins/Fab/Content/MaterialFunctions/QMF_NormalAdjustments.uexp" 1254
"../../../Engine/Plugins/Fab/Content/MaterialFunctions/QMF_AOAdjustments.uasset" 1255
"../../../Engine/Plugins/Fab/Content/MaterialFunctions/QMF_AOAdjustments.uexp" 1256
"../../../Engine/Plugins/Fab/Content/Textures/Standard/T_DefaultColor.uasset" 1257
"../../../Engine/Plugins/Fab/Content/Textures/Standard/T_DefaultColor.uexp" 1258
"../../../Engine/Plugins/Fab/Content/Materials/Standard/M_MS_Srf.uasset" 1259
"../../../Engine/Plugins/Fab/Content/Materials/Standard/M_MS_Srf.uexp" 1260
"D:/Unreal/Burgir-King/Content/Fab/Megascans/Surfaces/Stained_Tarp_wdipagu/Medium/T_wdipagu_2K_ORM.ubulk" 1261
"D:/Unreal/Burgir-King/Content/Fab/Megascans/Surfaces/Stained_Tarp_wdipagu/Medium/T_wdipagu_2K_ORM.uasset" 1262
"D:/Unreal/Burgir-King/Content/Fab/Megascans/Surfaces/Stained_Tarp_wdipagu/Medium/T_wdipagu_2K_ORM.uexp" 1263
"D:/Unreal/Burgir-King/Content/Fab/Megascans/Surfaces/Stained_Tarp_wdipagu/Medium/MI_wdipagu.uasset" 1264
"D:/Unreal/Burgir-King/Content/Fab/Megascans/Surfaces/Stained_Tarp_wdipagu/Medium/MI_wdipagu.uexp" 1265
"D:/Unreal/Burgir-King/Content/Assets/Items/FoodBox.ubulk" 1266
"D:/Unreal/Burgir-King/Content/Assets/Items/FoodBox.uasset" 1267
"D:/Unreal/Burgir-King/Content/Assets/Items/FoodBox.uexp" 1268
"D:/Unreal/Burgir-King/Content/Blueprint/Food/Basket/Buns/BP_Basket_Bun.uasset" 1269
"D:/Unreal/Burgir-King/Content/Blueprint/Food/Basket/Buns/BP_Basket_Bun.uexp" 1270
"D:/Unreal/Burgir-King/Content/Fab/Saturn/saturn_texture_0.ubulk" 1271
"D:/Unreal/Burgir-King/Content/Fab/Saturn/saturn_texture_0.uasset" 1272
"D:/Unreal/Burgir-King/Content/Fab/Saturn/saturn_texture_0.uexp" 1273
"D:/Unreal/Burgir-King/Content/Fab/Saturn/M_Ring.uasset" 1274
"D:/Unreal/Burgir-King/Content/Fab/Saturn/M_Ring.uexp" 1275
"D:/Unreal/Burgir-King/Content/AdvancedCelShader/CelShader/MaterialFunctions/InnerShadow.uasset" 1276
"D:/Unreal/Burgir-King/Content/AdvancedCelShader/CelShader/MaterialFunctions/InnerShadow.uexp" 1277
"D:/Unreal/Burgir-King/Content/AdvancedCelShader/CelShader/MaterialFunctions/EdgeDetectDepth.uasset" 1278
"D:/Unreal/Burgir-King/Content/AdvancedCelShader/CelShader/MaterialFunctions/EdgeDetectDepth.uexp" 1279
"D:/Unreal/Burgir-King/Content/AdvancedCelShader/CelShader/MaterialFunctions/EdgeDetectColour.uasset" 1280
"D:/Unreal/Burgir-King/Content/AdvancedCelShader/CelShader/MaterialFunctions/EdgeDetectColour.uexp" 1281
"../../../Engine/Content/Functions/Engine_MaterialFunctions02/Utility/Sign.uasset" 1282
"../../../Engine/Content/Functions/Engine_MaterialFunctions02/Utility/Sign.uexp" 1283
"../../../Engine/Content/Functions/Engine_MaterialFunctions02/Utility/Round.uasset" 1284
"../../../Engine/Content/Functions/Engine_MaterialFunctions02/Utility/Round.uexp" 1285
"D:/Unreal/Burgir-King/Content/AdvancedCelShader/CelShader/MaterialFunctions/Posterize.uasset" 1286
"D:/Unreal/Burgir-King/Content/AdvancedCelShader/CelShader/MaterialFunctions/Posterize.uexp" 1287
"D:/Unreal/Burgir-King/Content/AdvancedCelShader/CelShader/MaterialFunctions/CelPosterize.uasset" 1288
"D:/Unreal/Burgir-King/Content/AdvancedCelShader/CelShader/MaterialFunctions/CelPosterize.uexp" 1289
"D:/Unreal/Burgir-King/Content/AdvancedCelShader/CelShader/Textures/watercolour_texture.ubulk" 1290
"D:/Unreal/Burgir-King/Content/AdvancedCelShader/CelShader/Textures/watercolour_texture.uasset" 1291
"D:/Unreal/Burgir-King/Content/AdvancedCelShader/CelShader/Textures/watercolour_texture.uexp" 1292
"../../../Engine/Content/EngineMaterials/BlendFunc_DefBlend.uasset" 1293
"../../../Engine/Content/EngineMaterials/BlendFunc_DefBlend.uexp" 1294
"../../../Engine/Content/EngineMaterials/BlendFunc_DefBase.uasset" 1295
"../../../Engine/Content/EngineMaterials/BlendFunc_DefBase.uexp" 1296
"../../../Engine/Content/Functions/Engine_MaterialFunctions03/Blends/Blend_Difference.uasset" 1297
"../../../Engine/Content/Functions/Engine_MaterialFunctions03/Blends/Blend_Difference.uexp" 1298
"D:/Unreal/Burgir-King/Content/AdvancedCelShader/CelShader/MaterialFunctions/PixellateUVs.uasset" 1299
"D:/Unreal/Burgir-King/Content/AdvancedCelShader/CelShader/MaterialFunctions/PixellateUVs.uexp" 1300
"D:/Unreal/Burgir-King/Content/AdvancedCelShader/CelShader/MaterialFunctions/SkyMask.uasset" 1301
"D:/Unreal/Burgir-King/Content/AdvancedCelShader/CelShader/MaterialFunctions/SkyMask.uexp" 1302
"../../../Engine/Content/Functions/Engine_MaterialFunctions02/Texturing/WorldPositionWithScale.uasset" 1303
"../../../Engine/Content/Functions/Engine_MaterialFunctions02/Texturing/WorldPositionWithScale.uexp" 1304
"../../../Engine/Content/Functions/Engine_MaterialFunctions01/Gradient/LinearGradient.uasset" 1305
"../../../Engine/Content/Functions/Engine_MaterialFunctions01/Gradient/LinearGradient.uexp" 1306
"D:/Unreal/Burgir-King/Content/AdvancedCelShader/CelShader/MaterialFunctions/DepthMask.uasset" 1307
"D:/Unreal/Burgir-King/Content/AdvancedCelShader/CelShader/MaterialFunctions/DepthMask.uexp" 1308
"../../../Engine/Content/Functions/Engine_MaterialFunctions01/ImageAdjustment/CheapContrast.uasset" 1309
"../../../Engine/Content/Functions/Engine_MaterialFunctions01/ImageAdjustment/CheapContrast.uexp" 1310
"D:/Unreal/Burgir-King/Content/AdvancedCelShader/CelShader/MaterialFunctions/CustomBlur1.uasset" 1311
"D:/Unreal/Burgir-King/Content/AdvancedCelShader/CelShader/MaterialFunctions/CustomBlur1.uexp" 1312
"D:/Unreal/Burgir-King/Content/AdvancedCelShader/CelShader/Textures/sketch_mask_2.ubulk" 1313
"D:/Unreal/Burgir-King/Content/AdvancedCelShader/CelShader/Textures/sketch_mask_2.uasset" 1314
"D:/Unreal/Burgir-King/Content/AdvancedCelShader/CelShader/Textures/sketch_mask_2.uexp" 1315
"../../../Engine/Content/Functions/Engine_MaterialFunctions01/ImageAdjustment/SCurve.uasset" 1316
"../../../Engine/Content/Functions/Engine_MaterialFunctions01/ImageAdjustment/SCurve.uexp" 1317
"../../../Engine/Content/MapTemplates/TilingNoise05.ubulk" 1318
"../../../Engine/Content/MapTemplates/TilingNoise05.uasset" 1319
"../../../Engine/Content/MapTemplates/TilingNoise05.uexp" 1320
"../../../Engine/Content/Functions/Engine_MaterialFunctions01/Texturing/TriplanarCameraVector.uasset" 1321
"../../../Engine/Content/Functions/Engine_MaterialFunctions01/Texturing/TriplanarCameraVector.uexp" 1322
"D:/Unreal/Burgir-King/Content/AdvancedCelShader/CelShader/MaterialFunctions/OuterShadow.uasset" 1323
"D:/Unreal/Burgir-King/Content/AdvancedCelShader/CelShader/MaterialFunctions/OuterShadow.uexp" 1324
"D:/Unreal/Burgir-King/Content/AdvancedCelShader/CelShader/Textures/spatter.ubulk" 1325
"D:/Unreal/Burgir-King/Content/AdvancedCelShader/CelShader/Textures/spatter.uasset" 1326
"D:/Unreal/Burgir-King/Content/AdvancedCelShader/CelShader/Textures/spatter.uexp" 1327
"D:/Unreal/Burgir-King/Content/AdvancedCelShader/CelShader/MaterialFunctions/CustomBlur2.uasset" 1328
"D:/Unreal/Burgir-King/Content/AdvancedCelShader/CelShader/MaterialFunctions/CustomBlur2.uexp" 1329
"D:/Unreal/Burgir-King/Content/AdvancedCelShader/CelShader/MaterialFunctions/MaskSky.uasset" 1330
"D:/Unreal/Burgir-King/Content/AdvancedCelShader/CelShader/MaterialFunctions/MaskSky.uexp" 1331
"D:/Unreal/Burgir-King/Content/AdvancedCelShader/CelShader/Textures/PrintDots.ubulk" 1332
"D:/Unreal/Burgir-King/Content/AdvancedCelShader/CelShader/Textures/PrintDots.uasset" 1333
"D:/Unreal/Burgir-King/Content/AdvancedCelShader/CelShader/Textures/PrintDots.uexp" 1334
"D:/Unreal/Burgir-King/Content/AdvancedCelShader/CelShader/MaterialFunctions/Slider.uasset" 1335
"D:/Unreal/Burgir-King/Content/AdvancedCelShader/CelShader/MaterialFunctions/Slider.uexp" 1336
"D:/Unreal/Burgir-King/Content/AdvancedCelShader/CelShader/Materials/CelShader.uasset" 1337
"D:/Unreal/Burgir-King/Content/AdvancedCelShader/CelShader/Materials/CelShader.uexp" 1338
"D:/Unreal/Burgir-King/Content/AdvancedCelShader/CelShader/Presets/CelShader80sCartoon.uasset" 1339
"D:/Unreal/Burgir-King/Content/AdvancedCelShader/CelShader/Presets/CelShader80sCartoon.uexp" 1340
"D:/Unreal/Burgir-King/Content/Assets/Furniture/M_Grill_Table.uasset" 1341
"D:/Unreal/Burgir-King/Content/Assets/Furniture/M_Grill_Table.uexp" 1342
"D:/Unreal/Burgir-King/Content/Blueprint/M_IonTrust.uasset" 1343
"D:/Unreal/Burgir-King/Content/Blueprint/M_IonTrust.uexp" 1344
"D:/Unreal/Burgir-King/Content/Assets/LevelAssets/M_Rocket_1.uasset" 1345
"D:/Unreal/Burgir-King/Content/Assets/LevelAssets/M_Rocket_1.uexp" 1346
"D:/Unreal/Burgir-King/Content/Assets/LevelAssets/rocket.ubulk" 1347
"D:/Unreal/Burgir-King/Content/Assets/LevelAssets/rocket.uasset" 1348
"D:/Unreal/Burgir-King/Content/Assets/LevelAssets/rocket.uexp" 1349
"D:/Unreal/Burgir-King/Content/Blueprint/Systems/MenuOrder/Enum_MeatDoneness.uasset" 1350
"D:/Unreal/Burgir-King/Content/Blueprint/Systems/MenuOrder/Enum_MeatDoneness.uexp" 1351
"D:/Unreal/Burgir-King/Content/Blueprint/Systems/MenuOrder/OrderStructure.uasset" 1352
"D:/Unreal/Burgir-King/Content/Blueprint/Systems/MenuOrder/OrderStructure.uexp" 1353
"../../../Engine/Content/EngineResources/AICON-Red.uasset" 1354
"../../../Engine/Content/EngineResources/AICON-Red.uexp" 1355
"D:/Unreal/Burgir-King/Content/Blueprint/Systems/MenuOrder/MenuDataTable.uasset" 1356
"D:/Unreal/Burgir-King/Content/Blueprint/Systems/MenuOrder/MenuDataTable.uexp" 1357
"D:/Unreal/Burgir-King/Content/Blueprint/Systems/MenuOrder/BP_SpaceBux.uasset" 1358
"D:/Unreal/Burgir-King/Content/Blueprint/Systems/MenuOrder/BP_SpaceBux.uexp" 1359
"D:/Unreal/Burgir-King/Content/Blueprint/mad.uasset" 1360
"D:/Unreal/Burgir-King/Content/Blueprint/mad.uexp" 1361
"D:/Unreal/Burgir-King/Content/Blueprint/M_Mad.uasset" 1362
"D:/Unreal/Burgir-King/Content/Blueprint/M_Mad.uexp" 1363
"D:/Unreal/Burgir-King/Content/Blueprint/NS_Mad.uasset" 1364
"D:/Unreal/Burgir-King/Content/Blueprint/NS_Mad.uexp" 1365
"D:/Unreal/Burgir-King/Content/Blueprint/Systems/DayCycle/BPI_MessageToCustomerSystem.uasset" 1366
"D:/Unreal/Burgir-King/Content/Blueprint/Systems/DayCycle/BPI_MessageToCustomerSystem.uexp" 1367
"D:/Unreal/Burgir-King/Content/Blueprint/Systems/MenuOrder/BP_CustomerSystem.uasset" 1368
"D:/Unreal/Burgir-King/Content/Blueprint/Systems/MenuOrder/BP_CustomerSystem.uexp" 1369
"D:/Unreal/Burgir-King/Content/Blueprint/Systems/MenuOrder/BPI_OrderPoint.uasset" 1370
"D:/Unreal/Burgir-King/Content/Blueprint/Systems/MenuOrder/BPI_OrderPoint.uexp" 1371
"D:/Unreal/Burgir-King/Content/Blueprint/hearth.uasset" 1372
"D:/Unreal/Burgir-King/Content/Blueprint/hearth.uexp" 1373
"D:/Unreal/Burgir-King/Content/Blueprint/M_Hearth.uasset" 1374
"D:/Unreal/Burgir-King/Content/Blueprint/M_Hearth.uexp" 1375
"D:/Unreal/Burgir-King/Content/Blueprint/usd.uasset" 1376
"D:/Unreal/Burgir-King/Content/Blueprint/usd.uexp" 1377
"D:/Unreal/Burgir-King/Content/Blueprint/M_USD.uasset" 1378
"D:/Unreal/Burgir-King/Content/Blueprint/M_USD.uexp" 1379
"D:/Unreal/Burgir-King/Content/Blueprint/NS_USD.uasset" 1380
"D:/Unreal/Burgir-King/Content/Blueprint/NS_USD.uexp" 1381
"D:/Unreal/Burgir-King/Content/Sound/S_Angry.ubulk" 1382
"D:/Unreal/Burgir-King/Content/Sound/S_Angry.uasset" 1383
"D:/Unreal/Burgir-King/Content/Sound/S_Angry.uexp" 1384
"D:/Unreal/Burgir-King/Content/Blueprint/CharacterBlueprints/BP_Character.uasset" 1385
"D:/Unreal/Burgir-King/Content/Blueprint/CharacterBlueprints/BP_Character.uexp" 1386
"D:/Unreal/Burgir-King/Content/UI/marketsepeti.uasset" 1387
"D:/Unreal/Burgir-King/Content/UI/marketsepeti.uexp" 1388
"D:/Unreal/Burgir-King/Content/UI/PinkBar.uasset" 1389
"D:/Unreal/Burgir-King/Content/UI/PinkBar.uexp" 1390
"D:/Unreal/Burgir-King/Content/Blueprint/Systems/IngredientOrder/FoodDataStructure.uasset" 1391
"D:/Unreal/Burgir-King/Content/Blueprint/Systems/IngredientOrder/FoodDataStructure.uexp" 1392
"D:/Unreal/Burgir-King/Content/Assets/Images/background.uasset" 1393
"D:/Unreal/Burgir-King/Content/Assets/Images/background.uexp" 1394
"D:/Unreal/Burgir-King/Content/Assets/Images/I_DarkBun.uasset" 1395
"D:/Unreal/Burgir-King/Content/Assets/Images/I_DarkBun.uexp" 1396
"D:/Unreal/Burgir-King/Content/Fab/Megascans/Surfaces/Scratched_Polypropylene_Plastic_schbehmp/Medium/T_schbehmp_2K_B.ubulk" 1397
"D:/Unreal/Burgir-King/Content/Fab/Megascans/Surfaces/Scratched_Polypropylene_Plastic_schbehmp/Medium/T_schbehmp_2K_B.uasset" 1398
"D:/Unreal/Burgir-King/Content/Fab/Megascans/Surfaces/Scratched_Polypropylene_Plastic_schbehmp/Medium/T_schbehmp_2K_B.uexp" 1399
"D:/Unreal/Burgir-King/Content/Fab/Megascans/Surfaces/Scratched_Polypropylene_Plastic_schbehmp/Medium/T_schbehmp_2K_N.ubulk" 1400
"D:/Unreal/Burgir-King/Content/Fab/Megascans/Surfaces/Scratched_Polypropylene_Plastic_schbehmp/Medium/T_schbehmp_2K_N.uasset" 1401
"D:/Unreal/Burgir-King/Content/Fab/Megascans/Surfaces/Scratched_Polypropylene_Plastic_schbehmp/Medium/T_schbehmp_2K_N.uexp" 1402
"D:/Unreal/Burgir-King/Content/Fab/Megascans/Surfaces/Scratched_Polypropylene_Plastic_schbehmp/Medium/T_schbehmp_2K_ORM.ubulk" 1403
"D:/Unreal/Burgir-King/Content/Fab/Megascans/Surfaces/Scratched_Polypropylene_Plastic_schbehmp/Medium/T_schbehmp_2K_ORM.uasset" 1404
"D:/Unreal/Burgir-King/Content/Fab/Megascans/Surfaces/Scratched_Polypropylene_Plastic_schbehmp/Medium/T_schbehmp_2K_ORM.uexp" 1405
"D:/Unreal/Burgir-King/Content/Fab/Megascans/Surfaces/Scratched_Polypropylene_Plastic_schbehmp/Medium/MI_GreenPlastic.uasset" 1406
"D:/Unreal/Burgir-King/Content/Fab/Megascans/Surfaces/Scratched_Polypropylene_Plastic_schbehmp/Medium/MI_GreenPlastic.uexp" 1407
"D:/Unreal/Burgir-King/Content/Assets/Items/PlasticCase.ubulk" 1408
"D:/Unreal/Burgir-King/Content/Assets/Items/PlasticCase.uasset" 1409
"D:/Unreal/Burgir-King/Content/Assets/Items/PlasticCase.uexp" 1410
"D:/Unreal/Burgir-King/Content/Blueprint/Food/Basket/Meats/BP_Basket_Meat.uasset" 1411
"D:/Unreal/Burgir-King/Content/Blueprint/Food/Basket/Meats/BP_Basket_Meat.uexp" 1412
"D:/Unreal/Burgir-King/Content/Blueprint/Food/Basket/Vegetables/BP_Basket_Lettuce.uasset" 1413
"D:/Unreal/Burgir-King/Content/Blueprint/Food/Basket/Vegetables/BP_Basket_Lettuce.uexp" 1414
"D:/Unreal/Burgir-King/Content/Assets/Images/I_Octopus.uasset" 1415
"D:/Unreal/Burgir-King/Content/Assets/Images/I_Octopus.uexp" 1416
"D:/Unreal/Burgir-King/Content/Assets/Images/I_Meat.uasset" 1417
"D:/Unreal/Burgir-King/Content/Assets/Images/I_Meat.uexp" 1418
"D:/Unreal/Burgir-King/Content/Assets/Images/I_StandartBun.uasset" 1419
"D:/Unreal/Burgir-King/Content/Assets/Images/I_StandartBun.uexp" 1420
"D:/Unreal/Burgir-King/Content/Blueprint/Systems/IngredientOrder/IngredientDataTable.uasset" 1421
"D:/Unreal/Burgir-King/Content/Blueprint/Systems/IngredientOrder/IngredientDataTable.uexp" 1422
"D:/Unreal/Burgir-King/Content/Assets/Fonts/Vipnagorgialla_Bd.uexp" 1423
"D:/Unreal/Burgir-King/Content/Assets/Fonts/Vipnagorgialla_Bd.uasset" 1424
"D:/Unreal/Burgir-King/Content/Assets/Fonts/Vipnagorgialla_Bd.ufont" 1425
"D:/Unreal/Burgir-King/Content/Assets/Fonts/Vipnagorgialla_Bd_Font.uasset" 1426
"D:/Unreal/Burgir-King/Content/Assets/Fonts/Vipnagorgialla_Bd_Font.uexp" 1427
"D:/Unreal/Burgir-King/Content/Assets/Furniture/M_Keyboard_1.uasset" 1428
"D:/Unreal/Burgir-King/Content/Assets/Furniture/M_Keyboard_1.uexp" 1429
"D:/Unreal/Burgir-King/Content/Assets/Furniture/M_Keyboard_2.uasset" 1430
"D:/Unreal/Burgir-King/Content/Assets/Furniture/M_Keyboard_2.uexp" 1431
"D:/Unreal/Burgir-King/Content/Assets/Furniture/M_Keyboard_3.uasset" 1432
"D:/Unreal/Burgir-King/Content/Assets/Furniture/M_Keyboard_3.uexp" 1433
"D:/Unreal/Burgir-King/Content/Assets/Furniture/M_Table.uasset" 1434
"D:/Unreal/Burgir-King/Content/Assets/Furniture/M_Table.uexp" 1435
"D:/Unreal/Burgir-King/Content/Assets/Furniture/M_Computer_1.uasset" 1436
"D:/Unreal/Burgir-King/Content/Assets/Furniture/M_Computer_1.uexp" 1437
"D:/Unreal/Burgir-King/Content/Assets/Furniture/M_Computer_2.uasset" 1438
"D:/Unreal/Burgir-King/Content/Assets/Furniture/M_Computer_2.uexp" 1439
"D:/Unreal/Burgir-King/Content/Assets/Furniture/M_Computer_3.uasset" 1440
"D:/Unreal/Burgir-King/Content/Assets/Furniture/M_Computer_3.uexp" 1441
"D:/Unreal/Burgir-King/Content/Assets/Furniture/M_FrontDeskScreen.uasset" 1442
"D:/Unreal/Burgir-King/Content/Assets/Furniture/M_FrontDeskScreen.uexp" 1443
"D:/Unreal/Burgir-King/Content/Assets/Furniture/M_Mousepad_1.uasset" 1444
"D:/Unreal/Burgir-King/Content/Assets/Furniture/M_Mousepad_1.uexp" 1445
"D:/Unreal/Burgir-King/Content/Assets/Furniture/M_Mousepad_2.uasset" 1446
"D:/Unreal/Burgir-King/Content/Assets/Furniture/M_Mousepad_2.uexp" 1447
"D:/Unreal/Burgir-King/Content/Assets/Furniture/OrderingPC.ubulk" 1448
"D:/Unreal/Burgir-King/Content/Assets/Furniture/OrderingPC.uasset" 1449
"D:/Unreal/Burgir-King/Content/Assets/Furniture/OrderingPC.uexp" 1450
"D:/Unreal/Burgir-King/Content/Blueprint/Level/BP_PlaceHolderComputer.uasset" 1451
"D:/Unreal/Burgir-King/Content/Blueprint/Level/BP_PlaceHolderComputer.uexp" 1452
"D:/Unreal/Burgir-King/Content/Blueprint/Systems/IngredientOrder/Widgets/WB_IngredientOrder.uasset" 1453
"D:/Unreal/Burgir-King/Content/Blueprint/Systems/IngredientOrder/Widgets/WB_IngredientOrder.uexp" 1454
"D:/Unreal/Burgir-King/Content/Blueprint/Systems/IngredientOrder/Widgets/WB_Ingredient.uasset" 1455
"D:/Unreal/Burgir-King/Content/Blueprint/Systems/IngredientOrder/Widgets/WB_Ingredient.uexp" 1456
"D:/Unreal/Burgir-King/Content/Blueprint/Systems/MenuOrder/OrderWidget/CustomerSide/WB_CustomerComputer.uasset" 1457
"D:/Unreal/Burgir-King/Content/Blueprint/Systems/MenuOrder/OrderWidget/CustomerSide/WB_CustomerComputer.uexp" 1458
"D:/Unreal/Burgir-King/Content/Assets/LevelAssets/ROCKETBURGERtext.ubulk" 1459
"D:/Unreal/Burgir-King/Content/Assets/LevelAssets/ROCKETBURGERtext.uasset" 1460
"D:/Unreal/Burgir-King/Content/Assets/LevelAssets/ROCKETBURGERtext.uexp" 1461
"D:/Unreal/Burgir-King/Content/Fab/Megascans/Surfaces/Old_Plywood_vigjfivg/Medium/T_vigjfivg_2K_B.ubulk" 1462
"D:/Unreal/Burgir-King/Content/Fab/Megascans/Surfaces/Old_Plywood_vigjfivg/Medium/T_vigjfivg_2K_B.uasset" 1463
"D:/Unreal/Burgir-King/Content/Fab/Megascans/Surfaces/Old_Plywood_vigjfivg/Medium/T_vigjfivg_2K_B.uexp" 1464
"D:/Unreal/Burgir-King/Content/Fab/Megascans/Surfaces/Old_Plywood_vigjfivg/Medium/T_vigjfivg_2K_N.ubulk" 1465
"D:/Unreal/Burgir-King/Content/Fab/Megascans/Surfaces/Old_Plywood_vigjfivg/Medium/T_vigjfivg_2K_N.uasset" 1466
"D:/Unreal/Burgir-King/Content/Fab/Megascans/Surfaces/Old_Plywood_vigjfivg/Medium/T_vigjfivg_2K_N.uexp" 1467
"D:/Unreal/Burgir-King/Content/Fab/Megascans/Surfaces/Old_Plywood_vigjfivg/Medium/T_vigjfivg_2K_ORM.ubulk" 1468
"D:/Unreal/Burgir-King/Content/Fab/Megascans/Surfaces/Old_Plywood_vigjfivg/Medium/T_vigjfivg_2K_ORM.uasset" 1469
"D:/Unreal/Burgir-King/Content/Fab/Megascans/Surfaces/Old_Plywood_vigjfivg/Medium/T_vigjfivg_2K_ORM.uexp" 1470
"D:/Unreal/Burgir-King/Content/Fab/Megascans/Surfaces/Old_Plywood_vigjfivg/Medium/MI_Wood_1.uasset" 1471
"D:/Unreal/Burgir-King/Content/Fab/Megascans/Surfaces/Old_Plywood_vigjfivg/Medium/MI_Wood_1.uexp" 1472
"D:/Unreal/Burgir-King/Content/Assets/Food/Tray.ubulk" 1473
"D:/Unreal/Burgir-King/Content/Assets/Food/Tray.uasset" 1474
"D:/Unreal/Burgir-King/Content/Assets/Food/Tray.uexp" 1475
"D:/Unreal/Burgir-King/Content/Assets/EgeNewAssets/DefaultMaterial_Normal.ubulk" 1476
"D:/Unreal/Burgir-King/Content/Assets/EgeNewAssets/DefaultMaterial_Normal.uasset" 1477
"D:/Unreal/Burgir-King/Content/Assets/EgeNewAssets/DefaultMaterial_Normal.uexp" 1478
"D:/Unreal/Burgir-King/Content/Assets/EgeNewAssets/DefaultMaterial_Roughness.ubulk" 1479
"D:/Unreal/Burgir-King/Content/Assets/EgeNewAssets/DefaultMaterial_Roughness.uasset" 1480
"D:/Unreal/Burgir-King/Content/Assets/EgeNewAssets/DefaultMaterial_Roughness.uexp" 1481
"D:/Unreal/Burgir-King/Content/Assets/EgeNewAssets/DefaultMaterial_BaseColor.ubulk" 1482
"D:/Unreal/Burgir-King/Content/Assets/EgeNewAssets/DefaultMaterial_BaseColor.uasset" 1483
"D:/Unreal/Burgir-King/Content/Assets/EgeNewAssets/DefaultMaterial_BaseColor.uexp" 1484
"D:/Unreal/Burgir-King/Content/Assets/EgeNewAssets/M_aspi.uasset" 1485
"D:/Unreal/Burgir-King/Content/Assets/EgeNewAssets/M_aspi.uexp" 1486
"D:/Unreal/Burgir-King/Content/Fab/Megascans/Surfaces/Seychelles_Beige_Marble_Tiles_wgildfbv/High/T_wgildfbv_4K_ORM.ubulk" 1487
"D:/Unreal/Burgir-King/Content/Fab/Megascans/Surfaces/Seychelles_Beige_Marble_Tiles_wgildfbv/High/T_wgildfbv_4K_ORM.uasset" 1488
"D:/Unreal/Burgir-King/Content/Fab/Megascans/Surfaces/Seychelles_Beige_Marble_Tiles_wgildfbv/High/T_wgildfbv_4K_ORM.uexp" 1489
"D:/Unreal/Burgir-King/Content/Fab/Megascans/Surfaces/Seychelles_Beige_Marble_Tiles_wgildfbv/High/T_wgildfbv_4K_N.ubulk" 1490
"D:/Unreal/Burgir-King/Content/Fab/Megascans/Surfaces/Seychelles_Beige_Marble_Tiles_wgildfbv/High/T_wgildfbv_4K_N.uasset" 1491
"D:/Unreal/Burgir-King/Content/Fab/Megascans/Surfaces/Seychelles_Beige_Marble_Tiles_wgildfbv/High/T_wgildfbv_4K_N.uexp" 1492
"D:/Unreal/Burgir-King/Content/Fab/Megascans/Surfaces/Seychelles_Beige_Marble_Tiles_wgildfbv/High/T_wgildfbv_4K_B.ubulk" 1493
"D:/Unreal/Burgir-King/Content/Fab/Megascans/Surfaces/Seychelles_Beige_Marble_Tiles_wgildfbv/High/T_wgildfbv_4K_B.uasset" 1494
"D:/Unreal/Burgir-King/Content/Fab/Megascans/Surfaces/Seychelles_Beige_Marble_Tiles_wgildfbv/High/T_wgildfbv_4K_B.uexp" 1495
"D:/Unreal/Burgir-King/Content/Fab/Megascans/Surfaces/Seychelles_Beige_Marble_Tiles_wgildfbv/High/T_wgildfbv_4K_H.ubulk" 1496
"D:/Unreal/Burgir-King/Content/Fab/Megascans/Surfaces/Seychelles_Beige_Marble_Tiles_wgildfbv/High/T_wgildfbv_4K_H.uasset" 1497
"D:/Unreal/Burgir-King/Content/Fab/Megascans/Surfaces/Seychelles_Beige_Marble_Tiles_wgildfbv/High/T_wgildfbv_4K_H.uexp" 1498
"D:/Unreal/Burgir-King/Content/Fab/Megascans/Surfaces/Seychelles_Beige_Marble_Tiles_wgildfbv/High/MI_Ground_1.uasset" 1499
"D:/Unreal/Burgir-King/Content/Fab/Megascans/Surfaces/Seychelles_Beige_Marble_Tiles_wgildfbv/High/MI_Ground_1.uexp" 1500
"D:/Unreal/Burgir-King/Content/Assets/Furniture/M_Garbage_1.uasset" 1501
"D:/Unreal/Burgir-King/Content/Assets/Furniture/M_Garbage_1.uexp" 1502
"D:/Unreal/Burgir-King/Content/Assets/Furniture/M_Garbage_2.uasset" 1503
"D:/Unreal/Burgir-King/Content/Assets/Furniture/M_Garbage_2.uexp" 1504
"D:/Unreal/Burgir-King/Content/Assets/Furniture/M_Garbage_3.uasset" 1505
"D:/Unreal/Burgir-King/Content/Assets/Furniture/M_Garbage_3.uexp" 1506
"D:/Unreal/Burgir-King/Content/Assets/Furniture/GarbageCan.ubulk" 1507
"D:/Unreal/Burgir-King/Content/Assets/Furniture/GarbageCan.uasset" 1508
"D:/Unreal/Burgir-King/Content/Assets/Furniture/GarbageCan.uexp" 1509
"D:/Unreal/Burgir-King/Content/Assets/LevelAssets/M_Label_BaseColor.ubulk" 1510
"D:/Unreal/Burgir-King/Content/Assets/LevelAssets/M_Label_BaseColor.uasset" 1511
"D:/Unreal/Burgir-King/Content/Assets/LevelAssets/M_Label_BaseColor.uexp" 1512
"D:/Unreal/Burgir-King/Content/Assets/LevelAssets/m_exitlabel.uasset" 1513
"D:/Unreal/Burgir-King/Content/Assets/LevelAssets/m_exitlabel.uexp" 1514
"D:/Unreal/Burgir-King/Content/Assets/EgeNewAssets/textures/LavaRock_Normal.ubulk" 1515
"D:/Unreal/Burgir-King/Content/Assets/EgeNewAssets/textures/LavaRock_Normal.uasset" 1516
"D:/Unreal/Burgir-King/Content/Assets/EgeNewAssets/textures/LavaRock_Normal.uexp" 1517
"D:/Unreal/Burgir-King/Content/Assets/EgeNewAssets/textures/LavaRock_Displacement.ubulk" 1518
"D:/Unreal/Burgir-King/Content/Assets/EgeNewAssets/textures/LavaRock_Displacement.uasset" 1519
"D:/Unreal/Burgir-King/Content/Assets/EgeNewAssets/textures/LavaRock_Displacement.uexp" 1520
"D:/Unreal/Burgir-King/Content/Assets/EgeNewAssets/textures/LavaRock_BaseColor.ubulk" 1521
"D:/Unreal/Burgir-King/Content/Assets/EgeNewAssets/textures/LavaRock_BaseColor.uasset" 1522
"D:/Unreal/Burgir-King/Content/Assets/EgeNewAssets/textures/LavaRock_BaseColor.uexp" 1523
"D:/Unreal/Burgir-King/Content/Assets/EgeNewAssets/textures/LavaRock_Emission.ubulk" 1524
"D:/Unreal/Burgir-King/Content/Assets/EgeNewAssets/textures/LavaRock_Emission.uasset" 1525
"D:/Unreal/Burgir-King/Content/Assets/EgeNewAssets/textures/LavaRock_Emission.uexp" 1526
"D:/Unreal/Burgir-King/Content/Assets/EgeNewAssets/LavaRock.uasset" 1527
"D:/Unreal/Burgir-King/Content/Assets/EgeNewAssets/LavaRock.uexp" 1528
"../../../Engine/Plugins/Interchange/Assets/Content/Functions/MF_PhongToMetalRoughness.uasset" 1529
"../../../Engine/Plugins/Interchange/Assets/Content/Functions/MF_PhongToMetalRoughness.uexp" 1530
"D:/Unreal/Burgir-King/Content/Assets/EgeNewAssets/eye3.uasset" 1531
"D:/Unreal/Burgir-King/Content/Assets/EgeNewAssets/eye3.uexp" 1532
"D:/Unreal/Burgir-King/Content/Assets/EgeNewAssets/textures/skin_Displacement.ubulk" 1533
"D:/Unreal/Burgir-King/Content/Assets/EgeNewAssets/textures/skin_Displacement.uasset" 1534
"D:/Unreal/Burgir-King/Content/Assets/EgeNewAssets/textures/skin_Displacement.uexp" 1535
"D:/Unreal/Burgir-King/Content/Assets/EgeNewAssets/textures/skin_Normal.ubulk" 1536
"D:/Unreal/Burgir-King/Content/Assets/EgeNewAssets/textures/skin_Normal.uasset" 1537
"D:/Unreal/Burgir-King/Content/Assets/EgeNewAssets/textures/skin_Normal.uexp" 1538
"D:/Unreal/Burgir-King/Content/Assets/EgeNewAssets/textures/skin_Metallic.ubulk" 1539
"D:/Unreal/Burgir-King/Content/Assets/EgeNewAssets/textures/skin_Metallic.uasset" 1540
"D:/Unreal/Burgir-King/Content/Assets/EgeNewAssets/textures/skin_Metallic.uexp" 1541
"D:/Unreal/Burgir-King/Content/Assets/EgeNewAssets/textures/skin_BaseColor.ubulk" 1542
"D:/Unreal/Burgir-King/Content/Assets/EgeNewAssets/textures/skin_BaseColor.uasset" 1543
"D:/Unreal/Burgir-King/Content/Assets/EgeNewAssets/textures/skin_BaseColor.uexp" 1544
"D:/Unreal/Burgir-King/Content/Assets/EgeNewAssets/textures/skin_Emission.ubulk" 1545
"D:/Unreal/Burgir-King/Content/Assets/EgeNewAssets/textures/skin_Emission.uasset" 1546
"D:/Unreal/Burgir-King/Content/Assets/EgeNewAssets/textures/skin_Emission.uexp" 1547
"D:/Unreal/Burgir-King/Content/Assets/EgeNewAssets/textures/skin_Roughness.ubulk" 1548
"D:/Unreal/Burgir-King/Content/Assets/EgeNewAssets/textures/skin_Roughness.uasset" 1549
"D:/Unreal/Burgir-King/Content/Assets/EgeNewAssets/textures/skin_Roughness.uexp" 1550
"D:/Unreal/Burgir-King/Content/Assets/EgeNewAssets/skin.uasset" 1551
"D:/Unreal/Burgir-King/Content/Assets/EgeNewAssets/skin.uexp" 1552
"D:/Unreal/Burgir-King/Content/Assets/EgeNewAssets/textures/eye_BaseColor.ubulk" 1553
"D:/Unreal/Burgir-King/Content/Assets/EgeNewAssets/textures/eye_BaseColor.uasset" 1554
"D:/Unreal/Burgir-King/Content/Assets/EgeNewAssets/textures/eye_BaseColor.uexp" 1555
"D:/Unreal/Burgir-King/Content/Assets/EgeNewAssets/eye.uasset" 1556
"D:/Unreal/Burgir-King/Content/Assets/EgeNewAssets/eye.uexp" 1557
"D:/Unreal/Burgir-King/Content/Assets/EgeNewAssets/OrganicGrill.ubulk" 1558
"D:/Unreal/Burgir-King/Content/Assets/EgeNewAssets/OrganicGrill.uasset" 1559
"D:/Unreal/Burgir-King/Content/Assets/EgeNewAssets/OrganicGrill.uexp" 1560
"D:/Unreal/Burgir-King/Content/Blueprint/Level/BP_Grill.uasset" 1561
"D:/Unreal/Burgir-King/Content/Blueprint/Level/BP_Grill.uexp" 1562
"../../../Engine/Content/EngineSky/T_Sky_Stars.ubulk" 1563
"../../../Engine/Content/EngineSky/T_Sky_Stars.uasset" 1564
"../../../Engine/Content/EngineSky/T_Sky_Stars.uexp" 1565
"../../../Engine/Content/EngineSky/T_Sky_Clouds_M.ubulk" 1566
"../../../Engine/Content/EngineSky/T_Sky_Clouds_M.uasset" 1567
"../../../Engine/Content/EngineSky/T_Sky_Clouds_M.uexp" 1568
"../../../Engine/Content/EngineSky/T_Sky_Blue.ubulk" 1569
"../../../Engine/Content/EngineSky/T_Sky_Blue.uasset" 1570
"../../../Engine/Content/EngineSky/T_Sky_Blue.uexp" 1571
"../../../Engine/Content/EngineSky/M_Sky_Panning_Clouds2.uasset" 1572
"../../../Engine/Content/EngineSky/M_Sky_Panning_Clouds2.uexp" 1573
"../../../Engine/Content/EngineSky/SM_SkySphere.ubulk" 1574
"../../../Engine/Content/EngineSky/SM_SkySphere.uasset" 1575
"../../../Engine/Content/EngineSky/SM_SkySphere.uexp" 1576
"D:/Unreal/Burgir-King/Content/Assets/LevelAssets/bestburgersingalaxy.ubulk" 1577
"D:/Unreal/Burgir-King/Content/Assets/LevelAssets/bestburgersingalaxy.uasset" 1578
"D:/Unreal/Burgir-King/Content/Assets/LevelAssets/bestburgersingalaxy.uexp" 1579
"D:/Unreal/Burgir-King/Content/Assets/EgeNewAssets/textures2/eye.uasset" 1580
"D:/Unreal/Burgir-King/Content/Assets/EgeNewAssets/textures2/eye.uexp" 1581
"D:/Unreal/Burgir-King/Content/Assets/EgeNewAssets/textures2/skin_001_Roughness.ubulk" 1582
"D:/Unreal/Burgir-King/Content/Assets/EgeNewAssets/textures2/skin_001_Roughness.uasset" 1583
"D:/Unreal/Burgir-King/Content/Assets/EgeNewAssets/textures2/skin_001_Roughness.uexp" 1584
"D:/Unreal/Burgir-King/Content/Assets/EgeNewAssets/textures2/skin_001_Displacement.ubulk" 1585
"D:/Unreal/Burgir-King/Content/Assets/EgeNewAssets/textures2/skin_001_Displacement.uasset" 1586
"D:/Unreal/Burgir-King/Content/Assets/EgeNewAssets/textures2/skin_001_Displacement.uexp" 1587
"D:/Unreal/Burgir-King/Content/Assets/EgeNewAssets/textures2/skin_001_BaseColor.ubulk" 1588
"D:/Unreal/Burgir-King/Content/Assets/EgeNewAssets/textures2/skin_001_BaseColor.uasset" 1589
"D:/Unreal/Burgir-King/Content/Assets/EgeNewAssets/textures2/skin_001_BaseColor.uexp" 1590
"D:/Unreal/Burgir-King/Content/Assets/EgeNewAssets/textures2/skin_001_Normal.ubulk" 1591
"D:/Unreal/Burgir-King/Content/Assets/EgeNewAssets/textures2/skin_001_Normal.uasset" 1592
"D:/Unreal/Burgir-King/Content/Assets/EgeNewAssets/textures2/skin_001_Normal.uexp" 1593
"D:/Unreal/Burgir-King/Content/Assets/EgeNewAssets/textures2/skin_001.uasset" 1594
"D:/Unreal/Burgir-King/Content/Assets/EgeNewAssets/textures2/skin_001.uexp" 1595
"D:/Unreal/Burgir-King/Content/Assets/EgeNewAssets/textures2/eye2.uasset" 1596
"D:/Unreal/Burgir-King/Content/Assets/EgeNewAssets/textures2/eye2.uexp" 1597
"D:/Unreal/Burgir-King/Content/Assets/EgeNewAssets/textures2/friemach.ubulk" 1598
"D:/Unreal/Burgir-King/Content/Assets/EgeNewAssets/textures2/friemach.uasset" 1599
"D:/Unreal/Burgir-King/Content/Assets/EgeNewAssets/textures2/friemach.uexp" 1600
"D:/Unreal/Burgir-King/Content/Blueprint/BP_Frier.uasset" 1601
"D:/Unreal/Burgir-King/Content/Blueprint/BP_Frier.uexp" 1602
"D:/Unreal/Burgir-King/Content/Characters/Brain/M_BrainColor_1.uasset" 1603
"D:/Unreal/Burgir-King/Content/Characters/Brain/M_BrainColor_1.uexp" 1604
"D:/Unreal/Burgir-King/Content/Characters/Brain/BrainHead.ubulk" 1605
"D:/Unreal/Burgir-King/Content/Characters/Brain/BrainHead.uasset" 1606
"D:/Unreal/Burgir-King/Content/Characters/Brain/BrainHead.uexp" 1607
"../../../Engine/Plugins/Animation/ACLPlugin/Content/ACLAnimBoneCompressionSettings.uasset" 1608
"../../../Engine/Plugins/Animation/ACLPlugin/Content/ACLAnimBoneCompressionSettings.uexp" 1609
"D:/Unreal/Burgir-King/Content/Characters/Brain/Brain_Skeleton.uasset" 1610
"D:/Unreal/Burgir-King/Content/Characters/Brain/Brain_Skeleton.uexp" 1611
"D:/Unreal/Burgir-King/Content/Characters/Brain/BrainIdle.uasset" 1612
"D:/Unreal/Burgir-King/Content/Characters/Brain/BrainIdle.uexp" 1613
"D:/Unreal/Burgir-King/Content/Characters/Brain/M_Brain_Glass.uasset" 1614
"D:/Unreal/Burgir-King/Content/Characters/Brain/M_Brain_Glass.uexp" 1615
"D:/Unreal/Burgir-King/Content/Characters/Brain/BrainGlass.ubulk" 1616
"D:/Unreal/Burgir-King/Content/Characters/Brain/BrainGlass.uasset" 1617
"D:/Unreal/Burgir-King/Content/Characters/Brain/BrainGlass.uexp" 1618
"D:/Unreal/Burgir-King/Content/Characters/Brain/M_BrainEye_1.uasset" 1619
"D:/Unreal/Burgir-King/Content/Characters/Brain/M_BrainEye_1.uexp" 1620
"D:/Unreal/Burgir-King/Content/Characters/Brain/M_BrainEye_2.uasset" 1621
"D:/Unreal/Burgir-King/Content/Characters/Brain/M_BrainEye_2.uexp" 1622
"D:/Unreal/Burgir-King/Content/Characters/Brain/M_BrainEye_3.uasset" 1623
"D:/Unreal/Burgir-King/Content/Characters/Brain/M_BrainEye_3.uexp" 1624
"D:/Unreal/Burgir-King/Content/Characters/Brain/BrainSkeletalMesh_PhysicsAsset.uasset" 1625
"D:/Unreal/Burgir-King/Content/Characters/Brain/BrainSkeletalMesh_PhysicsAsset.uexp" 1626
"D:/Unreal/Burgir-King/Content/Characters/Brain/M_BrainPlatform_3.uasset" 1627
"D:/Unreal/Burgir-King/Content/Characters/Brain/M_BrainPlatform_3.uexp" 1628
"D:/Unreal/Burgir-King/Content/Characters/Brain/M_BrainBody_1.uasset" 1629
"D:/Unreal/Burgir-King/Content/Characters/Brain/M_BrainBody_1.uexp" 1630
"D:/Unreal/Burgir-King/Content/Characters/Brain/M_BrainBody_2.uasset" 1631
"D:/Unreal/Burgir-King/Content/Characters/Brain/M_BrainBody_2.uexp" 1632
"D:/Unreal/Burgir-King/Content/Characters/Brain/BrainSkeletalMesh.uasset" 1633
"D:/Unreal/Burgir-King/Content/Characters/Brain/BrainSkeletalMesh.uexp" 1634
"D:/Unreal/Burgir-King/Content/Characters/Brain/M_BrainPlatform_1.uasset" 1635
"D:/Unreal/Burgir-King/Content/Characters/Brain/M_BrainPlatform_1.uexp" 1636
"D:/Unreal/Burgir-King/Content/Characters/Brain/M_BrainPlatform_2.uasset" 1637
"D:/Unreal/Burgir-King/Content/Characters/Brain/M_BrainPlatform_2.uexp" 1638
"D:/Unreal/Burgir-King/Content/Characters/Brain/M_BrainPlatform_4.uasset" 1639
"D:/Unreal/Burgir-King/Content/Characters/Brain/M_BrainPlatform_4.uexp" 1640
"D:/Unreal/Burgir-King/Content/Characters/Brain/M_BrainPlatform_Light.uasset" 1641
"D:/Unreal/Burgir-King/Content/Characters/Brain/M_BrainPlatform_Light.uexp" 1642
"D:/Unreal/Burgir-King/Content/Characters/Brain/M_BrainPlatform_Light_2.uasset" 1643
"D:/Unreal/Burgir-King/Content/Characters/Brain/M_BrainPlatform_Light_2.uexp" 1644
"D:/Unreal/Burgir-King/Content/Characters/Brain/BrainPlatform.ubulk" 1645
"D:/Unreal/Burgir-King/Content/Characters/Brain/BrainPlatform.uasset" 1646
"D:/Unreal/Burgir-King/Content/Characters/Brain/BrainPlatform.uexp" 1647
"D:/Unreal/Burgir-King/Content/Blueprint/CharacterBlueprints/BP_BrainCharacter.uasset" 1648
"D:/Unreal/Burgir-King/Content/Blueprint/CharacterBlueprints/BP_BrainCharacter.uexp" 1649
"D:/Unreal/Burgir-King/Content/Assets/LevelAssets/M_Station_1.uasset" 1650
"D:/Unreal/Burgir-King/Content/Assets/LevelAssets/M_Station_1.uexp" 1651
"D:/Unreal/Burgir-King/Content/Assets/LevelAssets/M_Station_Blue.uasset" 1652
"D:/Unreal/Burgir-King/Content/Assets/LevelAssets/M_Station_Blue.uexp" 1653
"D:/Unreal/Burgir-King/Content/Assets/LevelAssets/stationblue.ubulk" 1654
"D:/Unreal/Burgir-King/Content/Assets/LevelAssets/stationblue.uasset" 1655
"D:/Unreal/Burgir-King/Content/Assets/LevelAssets/stationblue.uexp" 1656
"D:/Unreal/Burgir-King/Content/Assets/Furniture/M_DarkBun.uasset" 1657
"D:/Unreal/Burgir-King/Content/Assets/Furniture/M_DarkBun.uexp" 1658
"D:/Unreal/Burgir-King/Content/Assets/Furniture/M_DarkBun_2.uasset" 1659
"D:/Unreal/Burgir-King/Content/Assets/Furniture/M_DarkBun_2.uexp" 1660
"D:/Unreal/Burgir-King/Content/Blueprint/Food/Breads/Dark/BP_DarkTopBun.uasset" 1661
"D:/Unreal/Burgir-King/Content/Blueprint/Food/Breads/Dark/BP_DarkTopBun.uexp" 1662
"D:/Unreal/Burgir-King/Content/Fab/Saturn/M_Planet.uasset" 1663
"D:/Unreal/Burgir-King/Content/Fab/Saturn/M_Planet.uexp" 1664
"D:/Unreal/Burgir-King/Content/LevelPrototyping/Materials/M_Solid.uasset" 1665
"D:/Unreal/Burgir-King/Content/LevelPrototyping/Materials/M_Solid.uexp" 1666
"D:/Unreal/Burgir-King/Content/LevelPrototyping/Materials/MI_Solid_Blue.uasset" 1667
"D:/Unreal/Burgir-King/Content/LevelPrototyping/Materials/MI_Solid_Blue.uexp" 1668
"D:/Unreal/Burgir-King/Content/Assets/LevelAssets/M_Red_1.uasset" 1669
"D:/Unreal/Burgir-King/Content/Assets/LevelAssets/M_Red_1.uexp" 1670
"D:/Unreal/Burgir-King/Content/Assets/Furniture/M_Closet_1.uasset" 1671
"D:/Unreal/Burgir-King/Content/Assets/Furniture/M_Closet_1.uexp" 1672
"D:/Unreal/Burgir-King/Content/Assets/Furniture/Closet_1.ubulk" 1673
"D:/Unreal/Burgir-King/Content/Assets/Furniture/Closet_1.uasset" 1674
"D:/Unreal/Burgir-King/Content/Assets/Furniture/Closet_1.uexp" 1675
"D:/Unreal/Burgir-King/Content/Fab/Saturn/saturn_texture_2.ubulk" 1676
"D:/Unreal/Burgir-King/Content/Fab/Saturn/saturn_texture_2.uasset" 1677
"D:/Unreal/Burgir-King/Content/Fab/Saturn/saturn_texture_2.uexp" 1678
"D:/Unreal/Burgir-King/Content/Fab/Saturn/saturn_texture_3.ubulk" 1679
"D:/Unreal/Burgir-King/Content/Fab/Saturn/saturn_texture_3.uasset" 1680
"D:/Unreal/Burgir-King/Content/Fab/Saturn/saturn_texture_3.uexp" 1681
"D:/Unreal/Burgir-King/Content/Fab/Saturn/saturn_texture_4.ubulk" 1682
"D:/Unreal/Burgir-King/Content/Fab/Saturn/saturn_texture_4.uasset" 1683
"D:/Unreal/Burgir-King/Content/Fab/Saturn/saturn_texture_4.uexp" 1684
"../../../Engine/Plugins/Interchange/Assets/Content/gltf/MaterialInstances/MI_Default_Opaque_DS.uasset" 1685
"../../../Engine/Plugins/Interchange/Assets/Content/gltf/MaterialInstances/MI_Default_Opaque_DS.uexp" 1686
"D:/Unreal/Burgir-King/Content/Fab/Saturn/Planet.uasset" 1687
"D:/Unreal/Burgir-King/Content/Fab/Saturn/Planet.uexp" 1688
"../../../Engine/Plugins/Interchange/Assets/Content/gltf/MaterialInstances/MI_Default_Blend_DS.uasset" 1689
"../../../Engine/Plugins/Interchange/Assets/Content/gltf/MaterialInstances/MI_Default_Blend_DS.uexp" 1690
"D:/Unreal/Burgir-King/Content/Fab/Saturn/saturn_texture_1.ubulk" 1691
"D:/Unreal/Burgir-King/Content/Fab/Saturn/saturn_texture_1.uasset" 1692
"D:/Unreal/Burgir-King/Content/Fab/Saturn/saturn_texture_1.uexp" 1693
"D:/Unreal/Burgir-King/Content/Fab/Saturn/Rings.uasset" 1694
"D:/Unreal/Burgir-King/Content/Fab/Saturn/Rings.uexp" 1695
"D:/Unreal/Burgir-King/Content/Fab/Saturn/saturn.ubulk" 1696
"D:/Unreal/Burgir-King/Content/Fab/Saturn/saturn.uasset" 1697
"D:/Unreal/Burgir-King/Content/Fab/Saturn/saturn.uexp" 1698
"D:/Unreal/Burgir-King/Content/Assets/LevelAssets/M_Rocket_3.uasset" 1699
"D:/Unreal/Burgir-King/Content/Assets/LevelAssets/M_Rocket_3.uexp" 1700
"D:/Unreal/Burgir-King/Content/Assets/LevelAssets/Stylized_Rocket.ubulk" 1701
"D:/Unreal/Burgir-King/Content/Assets/LevelAssets/Stylized_Rocket.uasset" 1702
"D:/Unreal/Burgir-King/Content/Assets/LevelAssets/Stylized_Rocket.uexp" 1703
"D:/Unreal/Burgir-King/Content/Assets/LevelAssets/M_Blue_2.uasset" 1704
"D:/Unreal/Burgir-King/Content/Assets/LevelAssets/M_Blue_2.uexp" 1705
"D:/Unreal/Burgir-King/Content/Assets/LevelAssets/M_Red_2.uasset" 1706
"D:/Unreal/Burgir-King/Content/Assets/LevelAssets/M_Red_2.uexp" 1707
"D:/Unreal/Burgir-King/Content/Assets/LevelAssets/Warp66.ubulk" 1708
"D:/Unreal/Burgir-King/Content/Assets/LevelAssets/Warp66.uasset" 1709
"D:/Unreal/Burgir-King/Content/Assets/LevelAssets/Warp66.uexp" 1710
"D:/Unreal/Burgir-King/Content/Assets/LevelAssets/M_Grey.uasset" 1711
"D:/Unreal/Burgir-King/Content/Assets/LevelAssets/M_Grey.uexp" 1712
"D:/Unreal/Burgir-King/Content/Assets/LevelAssets/Warp66_Pole.ubulk" 1713
"D:/Unreal/Burgir-King/Content/Assets/LevelAssets/Warp66_Pole.uasset" 1714
"D:/Unreal/Burgir-King/Content/Assets/LevelAssets/Warp66_Pole.uexp" 1715
"D:/Unreal/Burgir-King/Content/Characters/Octopus/M_OctopusBody_1_Base_color.ubulk" 1716
"D:/Unreal/Burgir-King/Content/Characters/Octopus/M_OctopusBody_1_Base_color.uasset" 1717
"D:/Unreal/Burgir-King/Content/Characters/Octopus/M_OctopusBody_1_Base_color.uexp" 1718
"D:/Unreal/Burgir-King/Content/Characters/Octopus/M_OctopusBody_1_Normal_OpenGL.ubulk" 1719
"D:/Unreal/Burgir-King/Content/Characters/Octopus/M_OctopusBody_1_Normal_OpenGL.uasset" 1720
"D:/Unreal/Burgir-King/Content/Characters/Octopus/M_OctopusBody_1_Normal_OpenGL.uexp" 1721
"D:/Unreal/Burgir-King/Content/Characters/Octopus/M_OctopusBody_1_Roughness.ubulk" 1722
"D:/Unreal/Burgir-King/Content/Characters/Octopus/M_OctopusBody_1_Roughness.uasset" 1723
"D:/Unreal/Burgir-King/Content/Characters/Octopus/M_OctopusBody_1_Roughness.uexp" 1724
"D:/Unreal/Burgir-King/Content/Characters/Octopus/M_OctopusBody_1_Normal.ubulk" 1725
"D:/Unreal/Burgir-King/Content/Characters/Octopus/M_OctopusBody_1_Normal.uasset" 1726
"D:/Unreal/Burgir-King/Content/Characters/Octopus/M_OctopusBody_1_Normal.uexp" 1727
"D:/Unreal/Burgir-King/Content/Characters/Octopus/M_OctopusBody_1_Metallic.ubulk" 1728
"D:/Unreal/Burgir-King/Content/Characters/Octopus/M_OctopusBody_1_Metallic.uasset" 1729
"D:/Unreal/Burgir-King/Content/Characters/Octopus/M_OctopusBody_1_Metallic.uexp" 1730
"D:/Unreal/Burgir-King/Content/Characters/Octopus/M_OctopusBody_1_Height.ubulk" 1731
"D:/Unreal/Burgir-King/Content/Characters/Octopus/M_OctopusBody_1_Height.uasset" 1732
"D:/Unreal/Burgir-King/Content/Characters/Octopus/M_OctopusBody_1_Height.uexp" 1733
"D:/Unreal/Burgir-King/Content/Characters/Octopus/M_OctopusBody_1.uasset" 1734
"D:/Unreal/Burgir-King/Content/Characters/Octopus/M_OctopusBody_1.uexp" 1735
"D:/Unreal/Burgir-King/Content/Characters/Octopus/Octopuss_PhysicsAsset.uasset" 1736
"D:/Unreal/Burgir-King/Content/Characters/Octopus/Octopuss_PhysicsAsset.uexp" 1737
"D:/Unreal/Burgir-King/Content/Characters/Octopus/Octopuss_Skeleton.uasset" 1738
"D:/Unreal/Burgir-King/Content/Characters/Octopus/Octopuss_Skeleton.uexp" 1739
"D:/Unreal/Burgir-King/Content/Characters/Octopus/M_OctopusEye_1.uasset" 1740
"D:/Unreal/Burgir-King/Content/Characters/Octopus/M_OctopusEye_1.uexp" 1741
"D:/Unreal/Burgir-King/Content/Characters/Octopus/M_OctopusEye_2.uasset" 1742
"D:/Unreal/Burgir-King/Content/Characters/Octopus/M_OctopusEye_2.uexp" 1743
"D:/Unreal/Burgir-King/Content/Characters/Octopus/M_OctopusEye_3.uasset" 1744
"D:/Unreal/Burgir-King/Content/Characters/Octopus/M_OctopusEye_3.uexp" 1745
"D:/Unreal/Burgir-King/Content/Characters/Octopus/Octopuss.uasset" 1746
"D:/Unreal/Burgir-King/Content/Characters/Octopus/Octopuss.uexp" 1747
"D:/Unreal/Burgir-King/Content/Characters/Octopus/Octopus_Idle.uasset" 1748
"D:/Unreal/Burgir-King/Content/Characters/Octopus/Octopus_Idle.uexp" 1749
"D:/Unreal/Burgir-King/Content/Characters/Octopus/Octopus_Walk.uasset" 1750
"D:/Unreal/Burgir-King/Content/Characters/Octopus/Octopus_Walk.uexp" 1751
"D:/Unreal/Burgir-King/Content/Characters/Octopus/BS_Octopus.uasset" 1752
"D:/Unreal/Burgir-King/Content/Characters/Octopus/BS_Octopus.uexp" 1753
"D:/Unreal/Burgir-King/Content/Characters/Octopus/ABP_Octopus.uasset" 1754
"D:/Unreal/Burgir-King/Content/Characters/Octopus/ABP_Octopus.uexp" 1755
"D:/Unreal/Burgir-King/Content/Blueprint/CharacterBlueprints/BP_OctopusCharacter.uasset" 1756
"D:/Unreal/Burgir-King/Content/Blueprint/CharacterBlueprints/BP_OctopusCharacter.uexp" 1757
"D:/Unreal/Burgir-King/Content/Assets/LevelAssets/M_Label.uasset" 1758
"D:/Unreal/Burgir-King/Content/Assets/LevelAssets/M_Label.uexp" 1759
"D:/Unreal/Burgir-King/Content/Assets/InteractableStuff/M_White.uasset" 1760
"D:/Unreal/Burgir-King/Content/Assets/InteractableStuff/M_White.uexp" 1761
"D:/Unreal/Burgir-King/Content/Fab/Megascans/Surfaces/Seychelles_Beige_Marble_Tiles_wgildfbv/High/MI_Ground_2.uasset" 1762
"D:/Unreal/Burgir-King/Content/Fab/Megascans/Surfaces/Seychelles_Beige_Marble_Tiles_wgildfbv/High/MI_Ground_2.uexp" 1763
"D:/Unreal/Burgir-King/Content/Assets/Furniture/M_Light_2.uasset" 1764
"D:/Unreal/Burgir-King/Content/Assets/Furniture/M_Light_2.uexp" 1765
"D:/Unreal/Burgir-King/Content/Fab/Megascans/Surfaces/Marble_Checkered_Floor_sescnen/High/T_sescnen_4K_B.ubulk" 1766
"D:/Unreal/Burgir-King/Content/Fab/Megascans/Surfaces/Marble_Checkered_Floor_sescnen/High/T_sescnen_4K_B.uasset" 1767
"D:/Unreal/Burgir-King/Content/Fab/Megascans/Surfaces/Marble_Checkered_Floor_sescnen/High/T_sescnen_4K_B.uexp" 1768
"D:/Unreal/Burgir-King/Content/Fab/Megascans/Surfaces/Marble_Checkered_Floor_sescnen/High/T_sescnen_4K_N.ubulk" 1769
"D:/Unreal/Burgir-King/Content/Fab/Megascans/Surfaces/Marble_Checkered_Floor_sescnen/High/T_sescnen_4K_N.uasset" 1770
"D:/Unreal/Burgir-King/Content/Fab/Megascans/Surfaces/Marble_Checkered_Floor_sescnen/High/T_sescnen_4K_N.uexp" 1771
"D:/Unreal/Burgir-King/Content/Fab/Megascans/Surfaces/Marble_Checkered_Floor_sescnen/High/T_sescnen_4K_ORM.ubulk" 1772
"D:/Unreal/Burgir-King/Content/Fab/Megascans/Surfaces/Marble_Checkered_Floor_sescnen/High/T_sescnen_4K_ORM.uasset" 1773
"D:/Unreal/Burgir-King/Content/Fab/Megascans/Surfaces/Marble_Checkered_Floor_sescnen/High/T_sescnen_4K_ORM.uexp" 1774
"D:/Unreal/Burgir-King/Content/Fab/Megascans/Surfaces/Marble_Checkered_Floor_sescnen/High/MI_sescnen.uasset" 1775
"D:/Unreal/Burgir-King/Content/Fab/Megascans/Surfaces/Marble_Checkered_Floor_sescnen/High/MI_sescnen.uexp" 1776
"D:/Unreal/Burgir-King/Content/Assets/LevelAssets/M_Windows.uasset" 1777
"D:/Unreal/Burgir-King/Content/Assets/LevelAssets/M_Windows.uexp" 1778
"D:/Unreal/Burgir-King/Content/Assets/LevelAssets/Level_1.ubulk" 1779
"D:/Unreal/Burgir-King/Content/Assets/LevelAssets/Level_1.uasset" 1780
"D:/Unreal/Burgir-King/Content/Assets/LevelAssets/Level_1.uexp" 1781
"D:/Unreal/Burgir-King/Content/Assets/InteractableStuff/M_Computer_1.uasset" 1782
"D:/Unreal/Burgir-King/Content/Assets/InteractableStuff/M_Computer_1.uexp" 1783
"D:/Unreal/Burgir-King/Content/Assets/InteractableStuff/M_Computer_2.uasset" 1784
"D:/Unreal/Burgir-King/Content/Assets/InteractableStuff/M_Computer_2.uexp" 1785
"D:/Unreal/Burgir-King/Content/Assets/InteractableStuff/M_Computer_3.uasset" 1786
"D:/Unreal/Burgir-King/Content/Assets/InteractableStuff/M_Computer_3.uexp" 1787
"D:/Unreal/Burgir-King/Content/Assets/InteractableStuff/M_FrontDeskScreen.uasset" 1788
"D:/Unreal/Burgir-King/Content/Assets/InteractableStuff/M_FrontDeskScreen.uexp" 1789
"D:/Unreal/Burgir-King/Content/Assets/InteractableStuff/FrontDeskPC.ubulk" 1790
"D:/Unreal/Burgir-King/Content/Assets/InteractableStuff/FrontDeskPC.uasset" 1791
"D:/Unreal/Burgir-King/Content/Assets/InteractableStuff/FrontDeskPC.uexp" 1792
"D:/Unreal/Burgir-King/Content/Blueprint/PC/Menu1.ubulk" 1793
"D:/Unreal/Burgir-King/Content/Blueprint/PC/Menu1.uasset" 1794
"D:/Unreal/Burgir-King/Content/Blueprint/PC/Menu1.uexp" 1795
"D:/Unreal/Burgir-King/Content/Blueprint/PC/M_Menu1.uasset" 1796
"D:/Unreal/Burgir-King/Content/Blueprint/PC/M_Menu1.uexp" 1797
"D:/Unreal/Burgir-King/Content/Blueprint/PC/M_FrontDeskScreen_BaseColor.ubulk" 1798
"D:/Unreal/Burgir-King/Content/Blueprint/PC/M_FrontDeskScreen_BaseColor.uasset" 1799
"D:/Unreal/Burgir-King/Content/Blueprint/PC/M_FrontDeskScreen_BaseColor.uexp" 1800
"D:/Unreal/Burgir-King/Content/Blueprint/PC/M_Rocketburger.uasset" 1801
"D:/Unreal/Burgir-King/Content/Blueprint/PC/M_Rocketburger.uexp" 1802
"D:/Unreal/Burgir-King/Content/Blueprint/PC/BP_FrontDeskPC.uasset" 1803
"D:/Unreal/Burgir-King/Content/Blueprint/PC/BP_FrontDeskPC.uexp" 1804
"../../../Engine/Content/BasicShapes/Cube1.ubulk" 1805
"../../../Engine/Content/BasicShapes/Cube1.uasset" 1806
"../../../Engine/Content/BasicShapes/Cube1.uexp" 1807
"D:/Unreal/Burgir-King/Content/Blueprint/Systems/DayCycle/WB_EndDay.uasset" 1808
"D:/Unreal/Burgir-King/Content/Blueprint/Systems/DayCycle/WB_EndDay.uexp" 1809
"D:/Unreal/Burgir-King/Content/Blueprint/Systems/DayCycle/I_Cursor.uasset" 1810
"D:/Unreal/Burgir-King/Content/Blueprint/Systems/DayCycle/I_Cursor.uexp" 1811
"D:/Unreal/Burgir-King/Content/Assets/Fonts/digital-7__mono_.uexp" 1812
"D:/Unreal/Burgir-King/Content/Assets/Fonts/digital-7__mono_.uasset" 1813
"D:/Unreal/Burgir-King/Content/Assets/Fonts/digital-7__mono_.ufont" 1814
"D:/Unreal/Burgir-King/Content/Assets/Fonts/digital-7__mono__Font.uasset" 1815
"D:/Unreal/Burgir-King/Content/Assets/Fonts/digital-7__mono__Font.uexp" 1816
"D:/Unreal/Burgir-King/Content/Blueprint/Systems/DayCycle/WB_PlayerUI.uasset" 1817
"D:/Unreal/Burgir-King/Content/Blueprint/Systems/DayCycle/WB_PlayerUI.uexp" 1818
"D:/Unreal/Burgir-King/Content/Blueprint/Systems/DayCycle/BP_ClockManager.uasset" 1819
"D:/Unreal/Burgir-King/Content/Blueprint/Systems/DayCycle/BP_ClockManager.uexp" 1820
"D:/Unreal/Burgir-King/Content/Blueprint/Systems/DayCycle/BP_DayCycleControlPanel.uasset" 1821
"D:/Unreal/Burgir-King/Content/Blueprint/Systems/DayCycle/BP_DayCycleControlPanel.uexp" 1822
"D:/Unreal/Burgir-King/Content/Blueprint/Food/Breads/Dark/BP_DarkDownBun.uasset" 1823
"D:/Unreal/Burgir-King/Content/Blueprint/Food/Breads/Dark/BP_DarkDownBun.uexp" 1824
"D:/Unreal/Burgir-King/Content/Assets/LevelAssets/M_Chair_1.uasset" 1825
"D:/Unreal/Burgir-King/Content/Assets/LevelAssets/M_Chair_1.uexp" 1826
"D:/Unreal/Burgir-King/Content/Assets/LevelAssets/M_Chair_2.uasset" 1827
"D:/Unreal/Burgir-King/Content/Assets/LevelAssets/M_Chair_2.uexp" 1828
"D:/Unreal/Burgir-King/Content/Assets/LevelAssets/M_Chair_3.uasset" 1829
"D:/Unreal/Burgir-King/Content/Assets/LevelAssets/M_Chair_3.uexp" 1830
"D:/Unreal/Burgir-King/Content/Assets/LevelAssets/Stylized_Chair.ubulk" 1831
"D:/Unreal/Burgir-King/Content/Assets/LevelAssets/Stylized_Chair.uasset" 1832
"D:/Unreal/Burgir-King/Content/Assets/LevelAssets/Stylized_Chair.uexp" 1833
"D:/Unreal/Burgir-King/Content/Assets/Furniture/eye2.uasset" 1834
"D:/Unreal/Burgir-King/Content/Assets/Furniture/eye2.uexp" 1835
"D:/Unreal/Burgir-King/Content/New_folder/eye_BaseColor.ubulk" 1836
"D:/Unreal/Burgir-King/Content/New_folder/eye_BaseColor.uasset" 1837
"D:/Unreal/Burgir-King/Content/New_folder/eye_BaseColor.uexp" 1838
"D:/Unreal/Burgir-King/Content/New_folder/eye_Roughness.ubulk" 1839
"D:/Unreal/Burgir-King/Content/New_folder/eye_Roughness.uasset" 1840
"D:/Unreal/Burgir-King/Content/New_folder/eye_Roughness.uexp" 1841
"D:/Unreal/Burgir-King/Content/New_folder/eye_Normal.ubulk" 1842
"D:/Unreal/Burgir-King/Content/New_folder/eye_Normal.uasset" 1843
"D:/Unreal/Burgir-King/Content/New_folder/eye_Normal.uexp" 1844
"D:/Unreal/Burgir-King/Content/New_folder/NewMaterial.uasset" 1845
"D:/Unreal/Burgir-King/Content/New_folder/NewMaterial.uexp" 1846
"D:/Unreal/Burgir-King/Content/Assets/Furniture/Table.ubulk" 1847
"D:/Unreal/Burgir-King/Content/Assets/Furniture/Table.uasset" 1848
"D:/Unreal/Burgir-King/Content/Assets/Furniture/Table.uexp" 1849
"D:/Unreal/Burgir-King/Content/Blueprint/Level/BP_Table.uasset" 1850
"D:/Unreal/Burgir-King/Content/Blueprint/Level/BP_Table.uexp" 1851
"D:/Unreal/Burgir-King/Content/Assets/LevelAssets/ROCKETBURGERlogo.ubulk" 1852
"D:/Unreal/Burgir-King/Content/Assets/LevelAssets/ROCKETBURGERlogo.uasset" 1853
"D:/Unreal/Burgir-King/Content/Assets/LevelAssets/ROCKETBURGERlogo.uexp" 1854
"../../../Engine/Content/MapTemplates/Sky/T_Sky_Stars.ubulk" 1855
"../../../Engine/Content/MapTemplates/Sky/T_Sky_Stars.uasset" 1856
"../../../Engine/Content/MapTemplates/Sky/T_Sky_Stars.uexp" 1857
"../../../Engine/Content/MapTemplates/Sky/T_UDK_Sky_CloudMask01_N.ubulk" 1858
"../../../Engine/Content/MapTemplates/Sky/T_UDK_Sky_CloudMask01_N.uasset" 1859
"../../../Engine/Content/MapTemplates/Sky/T_UDK_Sky_CloudMask01_N.uexp" 1860
"../../../Engine/Content/MapTemplates/T_UDK_Sky_CloudMask03.ubulk" 1861
"../../../Engine/Content/MapTemplates/T_UDK_Sky_CloudMask03.uasset" 1862
"../../../Engine/Content/MapTemplates/T_UDK_Sky_CloudMask03.uexp" 1863
"../../../Engine/Content/MapTemplates/Sky/M_Procedural_Sky_MASTER02.uasset" 1864
"../../../Engine/Content/MapTemplates/Sky/M_Procedural_Sky_MASTER02.uexp" 1865
"../../../Engine/Content/MapTemplates/Sky/M_Procedural_Sky_Night.uasset" 1866
"../../../Engine/Content/MapTemplates/Sky/M_Procedural_Sky_Night.uexp" 1867
"D:/Unreal/Burgir-King/Content/Assets/EgeNewAssets/Aspi.ubulk" 1868
"D:/Unreal/Burgir-King/Content/Assets/EgeNewAssets/Aspi.uasset" 1869
"D:/Unreal/Burgir-King/Content/Assets/EgeNewAssets/Aspi.uexp" 1870
"D:/Unreal/Burgir-King/Content/Assets/Food/Tentacle2.uasset" 1871
"D:/Unreal/Burgir-King/Content/Assets/Food/Tentacle2.uexp" 1872
"D:/Unreal/Burgir-King/Content/Assets/Food/Tentacle3.uasset" 1873
"D:/Unreal/Burgir-King/Content/Assets/Food/Tentacle3.uexp" 1874
"D:/Unreal/Burgir-King/Content/Assets/Food/Tentacle1.uasset" 1875
"D:/Unreal/Burgir-King/Content/Assets/Food/Tentacle1.uexp" 1876
"D:/Unreal/Burgir-King/Content/Assets/Food/OctopusArm.ubulk" 1877
"D:/Unreal/Burgir-King/Content/Assets/Food/OctopusArm.uasset" 1878
"D:/Unreal/Burgir-King/Content/Assets/Food/OctopusArm.uexp" 1879
"D:/Unreal/Burgir-King/Content/Blueprint/Food/BP_OctopusMeat.uasset" 1880
"D:/Unreal/Burgir-King/Content/Blueprint/Food/BP_OctopusMeat.uexp" 1881
"D:/Unreal/Burgir-King/Content/Assets/LevelAssets/exitlabel.ubulk" 1882
"D:/Unreal/Burgir-King/Content/Assets/LevelAssets/exitlabel.uasset" 1883
"D:/Unreal/Burgir-King/Content/Assets/LevelAssets/exitlabel.uexp" 1884
"D:/Unreal/Burgir-King/Content/Blueprint/NS_VehicleTrust.uasset" 1885
"D:/Unreal/Burgir-King/Content/Blueprint/NS_VehicleTrust.uexp" 1886
"D:/Unreal/Burgir-King/Content/Assets/EgeNewAssets/M_CarWindow.uasset" 1887
"D:/Unreal/Burgir-King/Content/Assets/EgeNewAssets/M_CarWindow.uexp" 1888
"D:/Unreal/Burgir-King/Content/Assets/EgeNewAssets/M_Car_1.uasset" 1889
"D:/Unreal/Burgir-King/Content/Assets/EgeNewAssets/M_Car_1.uexp" 1890
"D:/Unreal/Burgir-King/Content/Assets/EgeNewAssets/Vehicle.ubulk" 1891
"D:/Unreal/Burgir-King/Content/Assets/EgeNewAssets/Vehicle.uasset" 1892
"D:/Unreal/Burgir-King/Content/Assets/EgeNewAssets/Vehicle.uexp" 1893
"D:/Unreal/Burgir-King/Content/Blueprint/BP_Vehicle_1.uasset" 1894
"D:/Unreal/Burgir-King/Content/Blueprint/BP_Vehicle_1.uexp" 1895
"D:/Unreal/Burgir-King/Content/Blueprint/BP_Vehicle_2.uasset" 1896
"D:/Unreal/Burgir-King/Content/Blueprint/BP_Vehicle_2.uexp" 1897
"D:/Unreal/Burgir-King/Content/Blueprint/BP_Vehicle_3.uasset" 1898
"D:/Unreal/Burgir-King/Content/Blueprint/BP_Vehicle_3.uexp" 1899
"D:/Unreal/Burgir-King/Content/Fab/Megascans/Surfaces/Rusty_Painted_Metal_Sheet_tj2xahsbw/Medium/T_tj2xahsbw_2K_N.ubulk" 1900
"D:/Unreal/Burgir-King/Content/Fab/Megascans/Surfaces/Rusty_Painted_Metal_Sheet_tj2xahsbw/Medium/T_tj2xahsbw_2K_N.uasset" 1901
"D:/Unreal/Burgir-King/Content/Fab/Megascans/Surfaces/Rusty_Painted_Metal_Sheet_tj2xahsbw/Medium/T_tj2xahsbw_2K_N.uexp" 1902
"D:/Unreal/Burgir-King/Content/Fab/Megascans/Surfaces/Rusty_Painted_Metal_Sheet_tj2xahsbw/Medium/T_tj2xahsbw_2K_ORM.ubulk" 1903
"D:/Unreal/Burgir-King/Content/Fab/Megascans/Surfaces/Rusty_Painted_Metal_Sheet_tj2xahsbw/Medium/T_tj2xahsbw_2K_ORM.uasset" 1904
"D:/Unreal/Burgir-King/Content/Fab/Megascans/Surfaces/Rusty_Painted_Metal_Sheet_tj2xahsbw/Medium/T_tj2xahsbw_2K_ORM.uexp" 1905
"D:/Unreal/Burgir-King/Content/Fab/Megascans/Surfaces/Rusty_Painted_Metal_Sheet_tj2xahsbw/Medium/T_tj2xahsbw_2K_B.ubulk" 1906
"D:/Unreal/Burgir-King/Content/Fab/Megascans/Surfaces/Rusty_Painted_Metal_Sheet_tj2xahsbw/Medium/T_tj2xahsbw_2K_B.uasset" 1907
"D:/Unreal/Burgir-King/Content/Fab/Megascans/Surfaces/Rusty_Painted_Metal_Sheet_tj2xahsbw/Medium/T_tj2xahsbw_2K_B.uexp" 1908
"D:/Unreal/Burgir-King/Content/Fab/Megascans/Surfaces/Rusty_Painted_Metal_Sheet_tj2xahsbw/Medium/MI_Rusty.uasset" 1909
"D:/Unreal/Burgir-King/Content/Fab/Megascans/Surfaces/Rusty_Painted_Metal_Sheet_tj2xahsbw/Medium/MI_Rusty.uexp" 1910
"D:/Unreal/Burgir-King/Content/Assets/Furniture/M_Grill_2.uasset" 1911
"D:/Unreal/Burgir-King/Content/Assets/Furniture/M_Grill_2.uexp" 1912
"D:/Unreal/Burgir-King/Content/Fab/Megascans/Surfaces/Scratched_Painted_Metal_teeaccoc/Medium/T_teeaccoc_2K_MR.ubulk" 1913
"D:/Unreal/Burgir-King/Content/Fab/Megascans/Surfaces/Scratched_Painted_Metal_teeaccoc/Medium/T_teeaccoc_2K_MR.uasset" 1914
"D:/Unreal/Burgir-King/Content/Fab/Megascans/Surfaces/Scratched_Painted_Metal_teeaccoc/Medium/T_teeaccoc_2K_MR.uexp" 1915
"D:/Unreal/Burgir-King/Content/Fab/Megascans/Surfaces/Scratched_Painted_Metal_teeaccoc/Medium/MI_Metal_1.uasset" 1916
"D:/Unreal/Burgir-King/Content/Fab/Megascans/Surfaces/Scratched_Painted_Metal_teeaccoc/Medium/MI_Metal_1.uexp" 1917
"D:/Unreal/Burgir-King/Content/Fab/Megascans/Surfaces/Scratched_Painted_Metal_teeaccoc/Medium/MI_Metal_3.uasset" 1918
"D:/Unreal/Burgir-King/Content/Fab/Megascans/Surfaces/Scratched_Painted_Metal_teeaccoc/Medium/MI_Metal_3.uexp" 1919
"D:/Unreal/Burgir-King/Content/Assets/Furniture/MidTable.ubulk" 1920
"D:/Unreal/Burgir-King/Content/Assets/Furniture/MidTable.uasset" 1921
"D:/Unreal/Burgir-King/Content/Assets/Furniture/MidTable.uexp" 1922
"D:/Unreal/Burgir-King/Content/Fab/Megascans/Surfaces/Scratched_Painted_Metal_teeaccoc/Medium/MI_teeaccoc.uasset" 1923
"D:/Unreal/Burgir-King/Content/Fab/Megascans/Surfaces/Scratched_Painted_Metal_teeaccoc/Medium/MI_teeaccoc.uexp" 1924
"D:/Unreal/Burgir-King/Content/Assets/Items/Knife.ubulk" 1925
"D:/Unreal/Burgir-King/Content/Assets/Items/Knife.uasset" 1926
"D:/Unreal/Burgir-King/Content/Assets/Items/Knife.uexp" 1927
"D:/Unreal/Burgir-King/Content/Sound/S_BG.ubulk" 1928
"D:/Unreal/Burgir-King/Content/Sound/S_BG.uasset" 1929
"D:/Unreal/Burgir-King/Content/Sound/S_BG.uexp" 1930
"D:/Unreal/Burgir-King/Content/Level/DemoLevel_1_BuiltData.ubulk" 1931
"D:/Unreal/Burgir-King/Content/Level/DemoLevel_1_BuiltData.uasset" 1932
"D:/Unreal/Burgir-King/Content/Level/DemoLevel_1_BuiltData.uexp" 1933
"D:/Unreal/Burgir-King/Content/Level/DemoLevel_1.uexp" 1934
"D:/Unreal/Burgir-King/Content/Level/DemoLevel_1.umap" 1935
"../../../Engine/Content/Maps/Entry_BuiltData.uasset" 1936
"../../../Engine/Content/Maps/Entry_BuiltData.uexp" 1937
"../../../Engine/Content/Maps/Entry.uexp" 1938
"../../../Engine/Content/Maps/Entry.umap" 1939
